phase,step,time_s,chassis_y,chassis_vy,chassis_accel,wheel_y,wheel_vy,compression,suspension_travel,normal_impulse,loaded_points,persisted_points,step_ms
static,0,0,1.352712869644165,-4.1089951992034912e-06,-3.5756825127464253e-05,0.51382362842559814,4.0639740461756446e-09,0.00027637157440185689,0.11111075878143306,64.666057586669922,2,2,0.005859375
static,1,0.0166666667,1.3527127504348755,-4.120171070098877e-06,-6.7055225372314453e-07,0.51382368803024292,-7.4507049419025861e-09,0.0002763119697570815,0.11111093759536739,64.667236328125,2,2,0.006103515625
static,2,0.0333333333,1.3527126312255859,-4.3399631977081299e-06,-1.3187527656555176e-05,0.51382362842559814,1.0837332808932842e-08,0.00027637157440185689,0.11111099720001216,64.666168212890625,2,2,0.005859375
static,3,0.05,1.3527125120162964,-4.0009617805480957e-06,2.0340085029602051e-05,0.51382368803024292,-3.3866278670302563e-09,0.0002763119697570815,0.11111117601394649,64.667343139648438,2,2,0.005859375
static,4,0.0666666667,1.3527123928070068,-3.8817524909973145e-06,7.152557373046875e-06,0.51382362842559814,4.7413202253210329e-09,0.00027637157440185689,0.11111123561859126,64.666267395019531,2,2,0.005859375
static,5,0.0833333333,1.3527123928070068,-3.2480061236128677e-06,3.8024782043066807e-05,0.51382368803024292,-7.4507049419025861e-09,0.0002763119697570815,0.11111129522323604,64.667423248291016,2,2,0.005859375
static,6,0.1,1.3527123928070068,-2.9951333999633789e-06,1.5172363418969326e-05,0.51382362842559814,6.7747052412414632e-10,0.00027637157440185689,0.11111123561859126,64.666313171386719,2,2,0.005859375
static,7,0.116666667,1.3527123928070068,-2.4433434191450942e-06,3.3107398849097081e-05,0.51382368803024292,-1.0837105435257399e-08,0.0002763119697570815,0.11111129522323604,64.667404174804688,2,2,0.005859375
static,8,0.133333333,1.3527123928070068,-2.2383530904335203e-06,1.2299419722694438e-05,0.51382362842559814,8.1280511210479744e-09,0.00027637157440185689,0.11111123561859126,64.666294097900391,2,2,0.005859375
static,9,0.15,1.3527123928070068,-1.7243623915419448e-06,3.0839441933494527e-05,0.51382368803024292,-4.0639740461756446e-09,0.0002763119697570815,0.11111129522323604,64.667388916015625,2,2,0.005859375
static,10,0.166666667,1.3527123928070068,-1.560896635055542e-06,9.8079453891841695e-06,0.51382362842559814,6.7724315044870309e-10,0.00027637157440185689,0.11111123561859126,64.666290283203125,2,2,0.005859375
static,11,0.183333333,1.3527123928070068,-1.1058648397010984e-06,2.7301907721266616e-05,0.51382368803024292,-7.4507049419025861e-09,0.0002763119697570815,0.11111129522323604,64.667377471923828,2,2,0.005859375
static,12,0.2,1.3527123928070068,-9.8347663879394531e-07,7.3432920544291846e-06,0.51382362842559814,3.3866278670302563e-09,0.00027637157440185689,0.11111123561859126,64.666267395019531,2,2,0.005859375
static,13,0.216666667,1.3527123928070068,-5.550682544708252e-07,2.5704503059387207e-05,0.51382368803024292,-1.0837105435257399e-08,0.0002763119697570815,0.11111129522323604,64.667366027832031,2,2,0.005859375
static,14,0.233333333,1.3527123928070068,-4.7301253403020382e-07,4.9233432264372823e-06,0.51382362842559814,7.4504775682271429e-09,0.00027637157440185689,0.11111123561859126,64.666252136230469,2,2,0.005859375
static,15,0.25,1.3527123928070068,-7.8231096267700195e-08,2.3686886265750218e-05,0.51382368803024292,-1.1514678988078231e-08,0.0002763119697570815,0.11111129522323604,64.667354583740234,2,2,0.006103515625
static,16,0.266666667,1.3527123928070068,-5.1607688789090389e-08,1.5974044487165884e-06,0.51382362842559814,7.4509323155780294e-09,0.00027637157440185689,0.11111123561859126,64.666240692138672,2,2,0.005859375
static,17,0.283333333,1.3527123928070068,2.9429793357849121e-07,2.0754337342054896e-05,0.51382368803024292,-1.0837332808932842e-08,0.0002763119697570815,0.11111129522323604,64.667343139648438,2,2,0.005615234375
static,18,0.3,1.3527123928070068,3.0602018341596704e-07,7.0333499024854973e-07,0.51382362842559814,6.7747052412414632e-10,0.00027637157440185689,0.11111123561859126,64.666244506835938,2,2,0.005615234375
static,19,0.316666667,1.3527123928070068,6.4020355239335913e-07,2.0051002138643526e-05,0.51382368803024292,-1.0837332808932842e-08,0.0002763119697570815,0.11111129522323604,64.667339324951172,2,2,0.005615234375
static,20,0.333333333,1.3527123928070068,6.2902768149797339e-07,-6.7055225372314453e-07,0.51382362842559814,7.4507049419025861e-09,0.00027637157440185689,0.11111123561859126,64.666233062744141,2,2,0.005615234375
static,21,0.35,1.3527123928070068,9.4195206656877417e-07,1.8775463104248047e-05,0.51382368803024292,-8.1282784947234177e-09,0.0002763119697570815,0.11111129522323604,64.667339324951172,2,2,0.005615234375
static,22,0.366666667,1.3527123928070068,8.8289380073547363e-07,-3.5434959499980323e-06,0.51382362842559814,7.4504775682271429e-09,0.00027637157440185689,0.11111123561859126,64.666217803955078,2,2,0.005615234375
static,23,0.383333333,1.3527123928070068,1.1771917343139648e-06,1.7657876014709473e-05,0.51382368803024292,-4.0639740461756446e-09,0.0002763119697570815,0.11111129522323604,64.667327880859375,2,2,0.005615234375
static,24,0.4,1.3527123928070068,1.1021395494026365e-06,-4.5031310946797021e-06,0.51382362842559814,7.4504775682271429e-09,0.00027637157440185689,0.11111123561859126,64.666213989257812,2,2,0.005859375
static,25,0.416666667,1.3527123928070068,1.3553600410887157e-06,1.5193229501164751e-05,0.51382368803024292,-8.127596373697088e-09,0.0002763119697570815,0.11111129522323604,64.667316436767578,2,2,0.005859375
static,26,0.433333333,1.3527123928070068,1.2703239917755127e-06,-5.102162958792178e-06,0.51382362842559814,4.0639740461756446e-09,0.00027637157440185689,0.11111123561859126,64.666213989257812,2,2,0.005615234375
static,27,0.45,1.3527123928070068,1.5160937891778303e-06,1.4746187844139058e-05,0.51382368803024292,-7.4504775682271429e-09,0.0002763119697570815,0.11111129522323604,64.667316436767578,2,2,0.005859375
static,28,0.466666667,1.3527123928070068,1.4230608940124512e-06,-5.5819737099227495e-06,0.51382362842559814,6.7747052412414632e-10,0.00027637157440185689,0.11111123561859126,64.666210174560547,2,2,0.005859375
static,29,0.483333333,1.3527123928070068,1.6571085552641307e-06,1.4042859675100772e-05,0.51382368803024292,-1.0837105435257399e-08,0.0002763119697570815,0.11111129522323604,64.667316436767578,2,2,0.005859375
static,30,0.5,1.3527123928070068,1.5528996755165281e-06,-6.2525327848561574e-06,0.51382362842559814,7.4507049419025861e-09,0.00027637157440185689,0.11111123561859126,64.666206359863281,2,2,0.005859375
static,31,0.516666667,1.3527123928070068,1.7837683117249981e-06,1.3852118172508199e-05,0.51382368803024292,-1.0159759256112011e-08,0.0002763119697570815,0.11111129522323604,64.667312622070312,2,2,0.005859375
static,32,0.533333333,1.3527123928070068,1.6726553440093994e-06,-6.6667780629359186e-06,0.51382362842559814,4.0639740461756446e-09,0.00027637157440185689,0.11111123561859126,64.666202545166016,2,2,0.005859375
static,33,0.55,1.3527123928070068,1.8775463104248047e-06,1.2293457984924316e-05,0.51382368803024292,-1.0837105435257399e-08,0.0002763119697570815,0.11111129522323604,64.667301177978516,2,2,0.005859375
static,34,0.566666667,1.3527123928070068,1.7689665128273191e-06,-6.5147878558491357e-06,0.51382362842559814,6.7731313890817546e-09,0.00027637157440185689,0.11111123561859126,64.666202545166016,2,2,0.005859375
static,35,0.583333333,1.3527123928070068,1.9712249468284426e-06,1.2135506040067412e-05,0.51382368803024292,-4.0639740461756446e-09,0.0002763119697570815,0.11111129522323604,64.667308807373047,2,2,0.005859375
static,36,0.6,1.3527123928070068,1.8589198589324951e-06,-6.7383052737568505e-06,0.51382362842559814,4.0639740461756446e-09,0.00027637157440185689,0.11111123561859126,64.66619873046875,2,2,0.005859375
static,37,0.616666667,1.3527123928070068,2.0563602447509766e-06,1.1846423149108887e-05,0.51382368803024292,-1.1514678988078231e-08,0.0002763119697570815,0.11111129522323604,64.667308807373047,2,2,0.005859375
static,38,0.633333333,1.3527123928070068,1.9408762454986572e-06,-6.9290399551391602e-06,0.51382362842559814,6.7724315044870309e-10,0.00027637157440185689,0.11111123561859126,64.66619873046875,2,2,0.005859375
static,39,0.65,1.3527123928070068,2.1345913410186768e-06,1.1622905731201172e-05,0.51382368803024292,-7.4507049419025861e-09,0.0002763119697570815,0.11111129522323604,64.66729736328125,2,2,0.005859375
static,40,0.666666667,1.3527123928070068,2.0148356725258054e-06,-7.1853401095722802e-06,0.51382362842559814,7.4507049419025861e-09,0.00027637157440185689,0.11111123561859126,64.66619873046875,2,2,0.005859375
static,41,0.683333333,1.3527123928070068,2.2059182356315432e-06,1.1464953786344267e-05,0.51382368803024292,-7.4504775682271429e-09,0.0002763119697570815,0.11111129522323604,64.66729736328125,2,2,0.005859375
static,42,0.7,1.3527123928070068,2.08243727684021e-06,-7.408857527479995e-06,0.51382362842559814,7.4504775682271429e-09,0.00027637157440185689,0.11111123561859126,64.66619873046875,2,2,0.005859375
static,43,0.716666667,1.3527123928070068,2.2687017917633057e-06,1.1175870895385742e-05,0.51382368803024292,-8.1280511210479744e-09,0.0002763119697570815,0.11111129522323604,64.667301177978516,2,2,0.005859375
static,44,0.733333333,1.3527123928070068,2.1383166313171387e-06,-7.8231096267700195e-06,0.51382362842559814,3.3866278670302563e-09,0.00027637157440185689,0.11111123561859126,64.666194915771484,2,2,0.005859375
static,45,0.75,1.3527123928070068,2.3208558559417725e-06,1.0952353477478027e-05,0.51382368803024292,-7.4507049419025861e-09,0.0002763119697570815,0.11111129522323604,64.667301177978516,2,2,0.005859375
static,46,0.766666667,1.3527123928070068,2.1867454051971436e-06,-8.0466270446777344e-06,0.51382362842559814,4.0639740461756446e-09,0.00027637157440185689,0.11111123561859126,64.666194915771484,2,2,0.005859375
static,47,0.783333333,1.3527123928070068,2.3655593395233154e-06,1.0728836059570312e-05,0.51382368803024292,-1.0837105435257399e-08,0.0002763119697570815,0.11111129522323604,64.667301177978516,2,2,0.005859375
static,48,0.8,1.3527123928070068,2.2314488887786865e-06,-8.0466270446777344e-06,0.51382362842559814,4.0639740461756446e-09,0.00027637157440185689,0.11111123561859126,64.666194915771484,2,2,0.005859375
static,49,0.816666667,1.3527123928070068,2.4070839117484866e-06,1.0538101378188003e-05,0.51382368803024292,-1.0837105435257399e-08,0.0002763119697570815,0.11111129522323604,64.667301177978516,2,2,0.005859375
static,50,0.833333333,1.3527123928070068,2.2681554128212156e-06,-8.3357099356362596e-06,0.51382362842559814,8.1278237473725312e-09,0.00027637157440185689,0.11111123561859126,64.666194915771484,2,2,0.005859375
static,51,0.85,1.3527123928070068,2.4400651454925537e-06,1.0314583960280288e-05,0.51382368803024292,-3.3866278670302563e-09,0.0002763119697570815,0.11111129522323604,64.66729736328125,2,2,0.005615234375
static,52,0.866666667,1.3527123928070068,2.298504114151001e-06,-8.4936618804931641e-06,0.51382362842559814,3.3866278670302563e-09,0.00027637157440185689,0.11111123561859126,64.666191101074219,2,2,0.005859375
static,53,0.883333333,1.3527123928070068,2.469867467880249e-06,1.0281801223754883e-05,0.51382368803024292,-3.3866278670302563e-09,0.0002763119697570815,0.11111129522323604,64.667301177978516,2,2,0.005859375
static,54,0.9,1.3527123928070068,2.3283064365386963e-06,-8.4936618804931641e-06,0.51382362842559814,3.3866278670302563e-09,0.00027637157440185689,0.11111123561859126,64.666191101074219,2,2,0.005859375
static,55,0.916666667,1.3527123928070068,2.4959444999694824e-06,1.0058283805847168e-05,0.51382368803024292,-1.0837332808932842e-08,0.0002763119697570815,0.11111129522323604,64.667293548583984,2,2,0.005859375
static,56,0.933333333,1.3527123928070068,2.3543834686279297e-06,-8.4936618804931641e-06,0.51382362842559814,4.0639740461756446e-09,0.00027637157440185689,0.11111123561859126,64.666191101074219,2,2,0.005859375
static,57,0.95,1.3527123928070068,2.5220215320587158e-06,1.0058283805847168e-05,0.51382368803024292,-7.4507049419025861e-09,0.0002763119697570815,0.11111129522323604,64.66729736328125,2,2,0.005859375
static,58,0.966666667,1.3527123928070068,2.3767352104187012e-06,-8.7171792984008789e-06,0.51382362842559814,4.0639740461756446e-09,0.00027637157440185689,0.11111123561859126,64.666191101074219,2,2,0.005859375
static,59,0.983333333,1.3527123928070068,2.5443732738494873e-06,1.0058283805847168e-05,0.51382368803024292,-7.4507049419025861e-09,0.0002763119697570815,0.11111129522323604,64.667293548583984,2,2,0.005859375
static,60,1,1.3527123928070068,2.3953616619110107e-06,-8.9406967163085938e-06,0.51382362842559814,4.0639740461756446e-09,0.00027637157440185689,0.11111123561859126,64.666187286376953,2,2,0.005859375
static,61,1.01666667,1.3527123928070068,2.559274435043335e-06,9.8347663879394531e-06,0.51382368803024292,-7.4507049419025861e-09,0.0002763119697570815,0.11111129522323604,64.667293548583984,2,2,0.005615234375
static,62,1.03333333,1.3527123928070068,2.4102628231048584e-06,-8.9406967163085938e-06,0.51382362842559814,4.0639740461756446e-09,0.00027637157440185689,0.11111123561859126,64.666187286376953,2,2,0.005859375
static,63,1.05,1.3527123928070068,2.5741755962371826e-06,9.8347663879394531e-06,0.51382368803024292,-7.4507049419025861e-09,0.0002763119697570815,0.11111129522323604,64.667293548583984,2,2,0.005859375
static,64,1.06666667,1.3527123928070068,2.4251639842987061e-06,-8.9406967163085938e-06,0.51382362842559814,4.0639740461756446e-09,0.00027637157440185689,0.11111123561859126,64.666187286376953,2,2,0.005615234375
static,65,1.08333333,1.3527123928070068,2.5890767574310303e-06,9.8347663879394531e-06,0.51382368803024292,-7.4507049419025861e-09,0.0002763119697570815,0.11111129522323604,64.667293548583984,2,2,0.005615234375
static,66,1.1,1.3527123928070068,2.4400651454925537e-06,-8.9406967163085938e-06,0.51382362842559814,4.0639740461756446e-09,0.00027637157440185689,0.11111123561859126,64.666187286376953,2,2,0.005615234375
static,67,1.11666667,1.3527123928070068,2.6039779186248779e-06,9.8347663879394531e-06,0.51382368803024292,-7.4507049419025861e-09,0.0002763119697570815,0.11111129522323604,64.667293548583984,2,2,0.005859375
static,68,1.13333333,1.3527123928070068,2.4549663066864014e-06,-8.9406967163085938e-06,0.51382362842559814,4.0639740461756446e-09,0.00027637157440185689,0.11111123561859126,64.666187286376953,2,2,0.005859375
static,69,1.15,1.3527123928070068,2.6188790798187256e-06,9.8347663879394531e-06,0.51382368803024292,-7.4507049419025861e-09,0.0002763119697570815,0.11111129522323604,64.667293548583984,2,2,0.005859375
static,70,1.16666667,1.3527123928070068,2.469867467880249e-06,-8.9406967163085938e-06,0.51382362842559814,4.0639740461756446e-09,0.00027637157440185689,0.11111123561859126,64.666187286376953,2,2,0.005859375
static,71,1.18333333,1.3527123928070068,2.6306013296562014e-06,9.6440317065571435e-06,0.51382368803024292,-7.4504775682271429e-09,0.0002763119697570815,0.11111129522323604,64.667293548583984,2,2,0.005859375
static,72,1.2,1.3527123928070068,2.4810433387756348e-06,-8.9734794528339989e-06,0.51382362842559814,4.0639740461756446e-09,0.00027637157440185689,0.11111123561859126,64.666187286376953,2,2,0.005859375
static,73,1.21666667,1.3527123928070068,2.6417772005515872e-06,9.6440317065571435e-06,0.51382368803024292,-7.4504775682271429e-09,0.0002763119697570815,0.11111129522323604,64.667293548583984,2,2,0.005859375
static,74,1.23333333,1.3527123928070068,2.4879475404304685e-06,-9.229779607267119e-06,0.51382362842559814,4.0642014198510878e-09,0.00027637157440185689,0.11111123561859126,64.666187286376953,2,2,0.005859375
static,75,1.25,1.3527123928070068,2.649227781148511e-06,9.6768144430825487e-06,0.51382368803024292,-7.4504775682271429e-09,0.0002763119697570815,0.11111129522323604,64.667293548583984,2,2,0.005615234375
static,76,1.26666667,1.3527123928070068,2.4953981210273923e-06,-9.229779607267119e-06,0.51382362842559814,4.0642014198510878e-09,0.00027637157440185689,0.11111123561859126,64.666187286376953,2,2,0.005615234375
static,77,1.28333333,1.3527123928070068,2.6566783617454348e-06,9.6768144430825487e-06,0.51382368803024292,-7.4504775682271429e-09,0.0002763119697570815,0.11111129522323604,64.667293548583984,2,2,0.005615234375
static,78,1.3,1.3527123928070068,2.5028487016243162e-06,-9.229779607267119e-06,0.51382362842559814,4.0642014198510878e-09,0.00027637157440185689,0.11111123561859126,64.666187286376953,2,2,0.005615234375
static,79,1.31666667,1.3527123928070068,2.6641289423423586e-06,9.6768144430825487e-06,0.51382368803024292,-7.4504775682271429e-09,0.0002763119697570815,0.11111129522323604,64.667293548583984,2,2,0.005615234375
static,80,1.33333333,1.3527123928070068,2.51029928222124e-06,-9.229779607267119e-06,0.51382362842559814,4.0642014198510878e-09,0.00027637157440185689,0.11111123561859126,64.666187286376953,2,2,0.005615234375
static,81,1.35,1.3527123928070068,2.6715795229392825e-06,9.6768144430825487e-06,0.51382368803024292,-7.4504775682271429e-09,0.0002763119697570815,0.11111129522323604,64.667293548583984,2,2,0.005615234375
static,82,1.36666667,1.3527123928070068,2.5177498628181638e-06,-9.229779607267119e-06,0.51382362842559814,4.0642014198510878e-09,0.00027637157440185689,0.11111123561859126,64.666187286376953,2,2,0.005615234375
static,83,1.38333333,1.3527123928070068,2.6790301035362063e-06,9.6768144430825487e-06,0.51382368803024292,-7.4504775682271429e-09,0.0002763119697570815,0.11111129522323604,64.667293548583984,2,2,0.005859375
static,84,1.4,1.3527123928070068,2.5252004434150876e-06,-9.229779607267119e-06,0.51382362842559814,4.0639740461756446e-09,0.00027637157440185689,0.11111123561859126,64.666187286376953,2,2,0.005859375
static,85,1.41666667,1.3527123928070068,2.6822090148925781e-06,9.4205142886494286e-06,0.51382368803024292,-1.0837105435257399e-08,0.0002763119697570815,0.11111129522323604,64.667289733886719,2,2,0.005859375
static,86,1.43333333,1.3527123928070068,2.5289257337135496e-06,-9.1969968707417138e-06,0.51382362842559814,7.4504775682271429e-09,0.00027637157440185689,0.11111123561859126,64.666191101074219,2,2,0.005859375
static,87,1.45,1.3527123928070068,2.68593430519104e-06,9.4205142886494286e-06,0.51382368803024292,-1.0837105435257399e-08,0.0002763119697570815,0.11111129522323604,64.667289733886719,2,2,0.005859375
static,88,1.46666667,1.3527123928070068,2.5326510240120115e-06,-9.1969968707417138e-06,0.51382362842559814,7.4504775682271429e-09,0.00027637157440185689,0.11111123561859126,64.666191101074219,2,2,0.005859375
static,89,1.48333333,1.3527123928070068,2.689659595489502e-06,9.4205142886494286e-06,0.51382368803024292,-1.0837105435257399e-08,0.0002763119697570815,0.11111129522323604,64.667289733886719,2,2,0.005859375
static,90,1.5,1.3527123928070068,2.5331974029541016e-06,-9.3877315521240234e-06,0.51382362842559814,7.4504775682271429e-09,0.00027637157440185689,0.11111123561859126,64.666187286376953,2,2,0.005859375
static,91,1.51666667,1.3527123928070068,2.689659595489502e-06,9.3877315521240234e-06,0.51382368803024292,-1.0837105435257399e-08,0.0002763119697570815,0.11111129522323604,64.667289733886719,2,2,0.005859375
static,92,1.53333333,1.3527123928070068,2.5331974029541016e-06,-9.3877315521240234e-06,0.51382362842559814,7.4504775682271429e-09,0.00027637157440185689,0.11111123561859126,64.666187286376953,2,2,0.005859375
static,93,1.55,1.3527123928070068,2.689659595489502e-06,9.3877315521240234e-06,0.51382368803024292,-1.0837105435257399e-08,0.0002763119697570815,0.11111129522323604,64.667289733886719,2,2,0.005859375
static,94,1.56666667,1.3527123928070068,2.5331974029541016e-06,-9.3877315521240234e-06,0.51382362842559814,7.4504775682271429e-09,0.00027637157440185689,0.11111123561859126,64.666187286376953,2,2,0.005859375
static,95,1.58333333,1.3527123928070068,2.689659595489502e-06,9.3877315521240234e-06,0.51382368803024292,-1.0837105435257399e-08,0.0002763119697570815,0.11111129522323604,64.667289733886719,2,2,0.005859375
static,96,1.6,1.3527123928070068,2.5331974029541016e-06,-9.3877315521240234e-06,0.51382362842559814,7.4504775682271429e-09,0.00027637157440185689,0.11111123561859126,64.666187286376953,2,2,0.005859375
static,97,1.61666667,1.3527123928070068,2.689659595489502e-06,9.3877315521240234e-06,0.51382368803024292,-1.0837105435257399e-08,0.0002763119697570815,0.11111129522323604,64.667289733886719,2,2,0.005859375
static,98,1.63333333,1.3527123928070068,2.5331974029541016e-06,-9.3877315521240234e-06,0.51382362842559814,7.4504775682271429e-09,0.00027637157440185689,0.11111123561859126,64.666187286376953,2,2,0.005615234375
static,99,1.65,1.3527123928070068,2.689659595489502e-06,9.3877315521240234e-06,0.51382368803024292,-1.0837105435257399e-08,0.0002763119697570815,0.11111129522323604,64.667289733886719,2,2,0.005859375
static,100,1.66666667,1.3527123928070068,2.5331974029541016e-06,-9.3877315521240234e-06,0.51382362842559814,7.4504775682271429e-09,0.00027637157440185689,0.11111123561859126,64.666187286376953,2,2,0.005859375
static,101,1.68333333,1.3527123928070068,2.689659595489502e-06,9.3877315521240234e-06,0.51382368803024292,-1.0837105435257399e-08,0.0002763119697570815,0.11111129522323604,64.667289733886719,2,2,0.005615234375
static,102,1.7,1.3527123928070068,2.5331974029541016e-06,-9.3877315521240234e-06,0.51382362842559814,7.4504775682271429e-09,0.00027637157440185689,0.11111123561859126,64.666187286376953,2,2,0.005859375
static,103,1.71666667,1.3527123928070068,2.689659595489502e-06,9.3877315521240234e-06,0.51382368803024292,-1.0837105435257399e-08,0.0002763119697570815,0.11111129522323604,64.667289733886719,2,2,0.005859375
static,104,1.73333333,1.3527123928070068,2.5331974029541016e-06,-9.3877315521240234e-06,0.51382362842559814,7.4504775682271429e-09,0.00027637157440185689,0.11111123561859126,64.666187286376953,2,2,0.005859375
static,105,1.75,1.3527123928070068,2.689659595489502e-06,9.3877315521240234e-06,0.51382368803024292,-1.0837105435257399e-08,0.0002763119697570815,0.11111129522323604,64.667289733886719,2,2,0.005859375
static,106,1.76666667,1.3527123928070068,2.5331974029541016e-06,-9.3877315521240234e-06,0.51382362842559814,7.4504775682271429e-09,0.00027637157440185689,0.11111123561859126,64.666187286376953,2,2,0.005859375
static,107,1.78333333,1.3527123928070068,2.689659595489502e-06,9.3877315521240234e-06,0.51382368803024292,-1.0837105435257399e-08,0.0002763119697570815,0.11111129522323604,64.667289733886719,2,2,0.005859375
static,108,1.8,1.3527123928070068,2.5331974029541016e-06,-9.3877315521240234e-06,0.51382362842559814,7.4504775682271429e-09,0.00027637157440185689,0.11111123561859126,64.666187286376953,2,2,0.005859375
static,109,1.81666667,1.3527123928070068,2.689659595489502e-06,9.3877315521240234e-06,0.51382368803024292,-1.0837105435257399e-08,0.0002763119697570815,0.11111129522323604,64.667289733886719,2,2,0.005859375
static,110,1.83333333,1.3527123928070068,2.5331974029541016e-06,-9.3877315521240234e-06,0.51382362842559814,7.4504775682271429e-09,0.00027637157440185689,0.11111123561859126,64.666187286376953,2,2,0.005859375
static,111,1.85,1.3527123928070068,2.689659595489502e-06,9.3877315521240234e-06,0.51382368803024292,-1.0837105435257399e-08,0.0002763119697570815,0.11111129522323604,64.667289733886719,2,2,0.005859375
static,112,1.86666667,1.3527123928070068,2.5331974029541016e-06,-9.3877315521240234e-06,0.51382362842559814,7.4504775682271429e-09,0.00027637157440185689,0.11111123561859126,64.666187286376953,2,2,0.005859375
static,113,1.88333333,1.3527123928070068,2.689659595489502e-06,9.3877315521240234e-06,0.51382368803024292,-1.0837105435257399e-08,0.0002763119697570815,0.11111129522323604,64.667289733886719,2,2,0.005859375
static,114,1.9,1.3527123928070068,2.5331974029541016e-06,-9.3877315521240234e-06,0.51382362842559814,7.4504775682271429e-09,0.00027637157440185689,0.11111123561859126,64.666187286376953,2,2,0.005859375
static,115,1.91666667,1.3527123928070068,2.689659595489502e-06,9.3877315521240234e-06,0.51382368803024292,-1.0837105435257399e-08,0.0002763119697570815,0.11111129522323604,64.667289733886719,2,2,0.005859375
static,116,1.93333333,1.3527123928070068,2.5331974029541016e-06,-9.3877315521240234e-06,0.51382362842559814,7.4504775682271429e-09,0.00027637157440185689,0.11111123561859126,64.666187286376953,2,2,0.005859375
static,117,1.95,1.3527123928070068,2.689659595489502e-06,9.3877315521240234e-06,0.51382368803024292,-1.0837105435257399e-08,0.0002763119697570815,0.11111129522323604,64.667289733886719,2,2,0.005859375
static,118,1.96666667,1.3527123928070068,2.5331974029541016e-06,-9.3877315521240234e-06,0.51382362842559814,7.4504775682271429e-09,0.00027637157440185689,0.11111123561859126,64.666187286376953,2,2,0.005859375
static,119,1.98333333,1.3527123928070068,2.689659595489502e-06,9.3877315521240234e-06,0.51382368803024292,-1.0837105435257399e-08,0.0002763119697570815,0.11111129522323604,64.667289733886719,2,2,0.005859375
response,0,0,1.3527101278305054,-0.00011803850793512538,-0.007243690051836893,0.51379066705703735,2.4883565856725909e-06,0.00030933294296264791,0.11108053922653194,114.29859161376953,2,2,0.024658203125
response,1,0.0166666667,1.3527075052261353,-0.00017981349083129317,-0.0037064989737700671,0.51378464698791504,9.6753382194947335e-08,0.00031535301208496236,0.11107714176177974,64.587429046630859,2,2,0.006103515625
response,2,0.0333333333,1.3527041673660278,-0.00020046025747433305,-0.0012388059985823929,0.51378846168518066,-7.7072763815522194e-07,0.00031153831481933736,0.11108429431915279,64.698776245117188,2,2,0.005859375
response,3,0.05,1.3527007102966309,-0.00019677792442962527,0.00022093998268246651,0.51379525661468506,-9.5843938652251381e-07,0.00030474338531494283,0.11109454631805415,64.735774993896484,2,2,0.005859375
response,4,0.0666666667,1.352697491645813,-0.00017836093320511281,0.0011050194734707475,0.51380205154418945,-8.8730701008898905e-07,0.0002979484558105483,0.11110455989837642,64.740512847900391,2,2,0.005859375
response,5,0.0833333333,1.3526947498321533,-0.00015131114923860878,0.0016229870379902422,0.51380777359008789,-7.1861325068311999e-07,0.0002922264099121108,0.11111302375793453,64.732259750366211,2,2,0.005859375
response,6,0.1,1.3526924848556519,-0.00011918246309505776,0.0019277211686130613,0.51381224393844604,-5.5133114074124023e-07,0.0002877560615539565,0.11111975908279415,64.721305847167969,2,2,0.005859375
response,7,0.116666667,1.3526908159255981,-8.4521867393050343e-05,0.0020796357421204448,0.51381558179855347,-3.9486360492446693e-07,0.00028441820144653462,0.11112476587295528,64.710372924804688,2,2,0.005859375
response,8,0.133333333,1.3526897430419922,-4.895339225186035e-05,0.0021341085084713995,0.51381796598434448,-2.8717545319523197e-07,0.000282034015655519,0.11112822294235225,64.701431274414062,2,2,0.005859375
response,9,0.15,1.352689266204834,-1.378282922814833e-05,0.0021102337814227212,0.51381969451904297,-2.1268883187985921e-07,0.00028030548095703267,0.11113042831420894,64.694545745849609,2,2,0.005859375
response,10,0.166666667,1.3526893854141235,1.9954244635300711e-05,0.0020242244318069424,0.51382088661193848,-1.4833693740001763e-07,0.00027911338806152486,0.1111315011978149,64.689083099365234,2,2,0.005859375
response,11,0.183333333,1.3526899814605713,5.1321039791218936e-05,0.0018820077093550935,0.51382172107696533,-1.0430912311676366e-07,0.00027827892303466939,0.111131739616394,64.68475341796875,2,2,0.005859375
response,12,0.2,1.3526911735534668,7.9905192251317203e-05,0.001715049147605896,0.51382237672805786,-8.1278400898554537e-08,0.00027762327194214009,0.11113120317459102,64.681777954101562,2,2,0.006103515625
response,13,0.216666667,1.352692723274231,0.00010469884000485763,0.0014876188652124256,0.51382279396057129,-4.8765954829832481e-08,0.00027720603942871236,0.11113007068634029,64.678337097167969,2,2,0.005859375
response,14,0.233333333,1.3526946306228638,0.00012547335063572973,0.001246470637852326,0.51382303237915039,-3.3864871795685758e-08,0.0002769676208496108,0.11112840175628658,64.67559814453125,2,2,0.005859375
response,15,0.25,1.3526968955993652,0.00014208901848178357,0.00099694007076323032,0.51382321119308472,-2.6415531095835831e-08,0.00027678880691528462,0.11112631559371944,64.673755645751953,2,2,0.005859375
response,16,0.266666667,1.3526993989944458,0.00015418295515701175,0.00072563620051369071,0.51382333040237427,-1.4223960675963099e-08,0.00027666959762573384,0.11112393140792842,64.671504974365234,2,2,0.005859375
response,17,0.283333333,1.3527020215988159,0.00016201779362745583,0.00047009030822664499,0.51382344961166382,-1.4901079481433044e-08,0.00027655038833618306,0.11112142801284786,64.670303344726562,2,2,0.005859375
response,18,0.3,1.3527047634124756,0.00016540507203899324,0.00020323670469224453,0.51382350921630859,-7.4504775682271429e-09,0.00027649078369140767,0.11111874580383296,64.668277740478516,2,2,0.005859375
response,19,0.316666667,1.3527075052261353,0.00016474297444801778,-3.9725855458527803e-05,0.51382356882095337,-8.1274933450004028e-09,0.00027643117904663228,0.11111606359481807,64.667106628417969,2,2,0.005615234375
response,20,0.333333333,1.3527102470397949,0.00016026670346036553,-0.00026857625925913453,0.51382362842559814,-1.0837332808932842e-08,0.00027637157440185689,0.11111338138580318,64.665996551513672,2,2,0.005615234375
response,21,0.35,1.352712869644165,0.00015226259711198509,-0.00048024638090282679,0.51382368803024292,-7.4508292868813442e-09,0.0002763119697570815,0.11111081838607784,64.664958953857422,2,2,0.005615234375
response,22,0.366666667,1.3527152538299561,0.00014076780644245446,-0.00068968744017183781,0.51382362842559814,6.7731313890817546e-09,0.00027637157440185689,0.11110837459564205,64.662925720214844,2,2,0.005615234375
response,23,0.383333333,1.3527175188064575,0.00012700965453404933,-0.00082548911450430751,0.51382368803024292,-6.7728009867096262e-09,0.0002763119697570815,0.11110616922378536,64.663261413574219,2,2,0.005859375
response,24,0.4,1.3527194261550903,0.00011067251762142405,-0.00098022821475751698,0.51382362842559814,-1.1368683772161603e-13,0.00027637157440185689,0.11110420227050777,64.661491394042969,2,2,0.005859375
response,25,0.416666667,1.352721095085144,9.3057504273019731e-05,-0.0010569008009042591,0.51382368803024292,-1.1514906361753674e-08,0.0002763119697570815,0.11110259294509883,64.662120819091797,2,2,0.005859375
response,26,0.433333333,1.3527224063873291,7.4014809797517955e-05,-0.0011425616685301065,0.51382362842559814,7.4507049419025861e-09,0.00027637157440185689,0.111101222038269,64.660675048828125,2,2,0.005859375
response,27,0.45,1.3527234792709351,5.4743140935897827e-05,-0.0011563001316972077,0.51382368803024292,-4.7408654779701465e-09,0.0002763119697570815,0.11110020875930782,64.661602020263672,2,2,0.005859375
response,28,0.466666667,1.3527241945266724,3.4987282560905442e-05,-0.0011853515024995431,0.51382362842559814,0,0.00027637157440185689,0.11109943389892574,64.660438537597656,2,2,0.005859375
response,29,0.483333333,1.352724552154541,1.5970121239661239e-05,-0.0011410296792746522,0.51382368803024292,-6.7731313890817546e-09,0.0002763119697570815,0.11109913587570186,64.661651611328125,2,2,0.005859375
response,30,0.5,1.3527246713638306,-2.5670231025287649e-06,-0.0011122286605314002,0.51382362842559814,2.7093953747225896e-09,0.00027637157440185689,0.11109895706176753,64.660770416259766,2,2,0.005859375
response,31,0.516666667,1.3527244329452515,-1.9613056792877614e-05,-0.001022762021420931,0.51382368803024292,-3.3866278670302563e-09,0.0002763119697570815,0.11109925508499141,64.662212371826172,2,2,0.005615234375
response,32,0.533333333,1.3527239561080933,-3.5437642509350553e-05,-0.00094947514298837632,0.51382362842559814,6.7724315044870309e-10,0.00027637157440185689,0.11109967231750484,64.661552429199219,2,2,0.005615234375
response,33,0.55,1.352723240852356,-4.9125897930935025e-05,-0.00082129532529506832,0.51382368803024292,-7.4504775682271429e-09,0.0002763119697570815,0.11110044717788692,64.663177490234375,2,2,0.005615234375
response,34,0.566666667,1.3527222871780396,-6.1136335716582835e-05,-0.00072062626713886857,0.51382362842559814,1.0837332808932842e-08,0.00027637157440185689,0.11110134124755855,64.66265869140625,2,2,0.005859375
response,35,0.583333333,1.3527212142944336,-7.0582136686425656e-05,-0.00056674805819056928,0.51382368803024292,-4.0639740461756446e-09,0.0002763119697570815,0.11110247373580928,64.664417266845703,2,2,0.005859375
response,36,0.6,1.3527199029922485,-7.8150384069886059e-05,-0.00045409484300762415,0.51382362842559814,1.0837560182608286e-08,0.00027637157440185689,0.11110372543334956,64.663951873779297,2,2,0.005859375
response,37,0.616666667,1.3527185916900635,-8.2964994362555444e-05,-0.00028887661756016314,0.51382368803024292,-1.0837105435257399e-08,0.0002763119697570815,0.1111050963401794,64.665767669677734,2,2,0.005859375
response,38,0.633333333,1.3527171611785889,-8.5926600149832666e-05,-0.0001776963472366333,0.51382362842559814,1.0837332808932842e-08,0.00027637157440185689,0.11110646724700923,64.665306091308594,2,2,0.005859375
response,39,0.65,1.3527157306671143,-8.6278319940902293e-05,-2.1103187464177608e-05,0.51382368803024292,-4.0639740461756446e-09,0.0002763119697570815,0.11110795736312862,64.667083740234375,2,2,0.005859375
response,40,0.666666667,1.3527143001556396,-8.4894600149709731e-05,8.3023187471553683e-05,0.51382362842559814,6.7735861364326411e-09,0.00027637157440185689,0.11110932826995845,64.666591644287109,2,2,0.005859375
response,41,0.683333333,1.352712869644165,-8.1251266237813979e-05,0.00021860003471374512,0.51382368803024292,-1.0837105435257399e-08,0.0002763119697570815,0.11111081838607784,64.668266296386719,2,2,0.005615234375
response,42,0.7,1.35271155834198,-7.613097841385752e-05,0.00030721726943738759,0.51382362842559814,1.0837105435257399e-08,0.00027637157440185689,0.11111207008361812,64.667694091796875,2,2,0.005615234375
response,43,0.716666667,1.3527103662490845,-6.9178488047327846e-05,0.0004171494219917804,0.51382368803024292,-7.4504775682271429e-09,0.0002763119697570815,0.1111133217811584,64.669246673583984,2,2,0.005615234375
response,44,0.733333333,1.3527092933654785,-6.1324928537942469e-05,0.00047121357056312263,0.51382362842559814,7.4507049419025861e-09,0.00027637157440185689,0.11111433506011958,64.668506622314453,2,2,0.005859375
response,45,0.75,1.3527083396911621,-5.2148450777167454e-05,0.00055058866564650089,0.51382368803024292,-4.0642014198510878e-09,0.0002763119697570815,0.11111534833908077,64.669906616210938,2,2,0.005859375
response,46,0.766666667,1.3527076244354248,-4.2633961129467934e-05,0.0005708693788619712,0.51382362842559814,4.0637466725002014e-09,0.00027637157440185689,0.1111160039901733,64.66900634765625,2,2,0.005859375
response,47,0.783333333,1.3527070283889771,-3.2403670047642663e-05,0.00061381746490951627,0.51382368803024292,-6.7733587627571978e-09,0.0002763119697570815,0.11111665964126582,64.670234680175781,2,2,0.005615234375
response,48,0.8,1.3527065515518188,-2.2357105990522541e-05,0.00060279384342720732,0.51382362842559814,1.0837105435257399e-08,0.00027637157440185689,0.11111707687377925,64.669178009033203,2,2,0.005615234375
response,49,0.816666667,1.3527063131332397,-1.2044856703141704e-05,0.00061873495724285021,0.51382368803024292,-7.4504775682271429e-09,0.0002763119697570815,0.11111737489700313,64.670272827148438,2,2,0.005615234375
response,50,0.833333333,1.3527061939239502,-2.4415055577264866e-06,0.00057620106872491306,0.51382362842559814,3.3866278670302563e-09,0.00027637157440185689,0.1111174345016479,64.669059753417969,2,2,0.005615234375
response,51,0.85,1.3527061939239502,6.9574016379192472e-06,0.00056393443173874402,0.51382368803024292,-1.1514451614402788e-08,0.0002763119697570815,0.11111749410629268,64.670009613037109,2,2,0.005859375
response,52,0.866666667,1.3527064323425293,1.5364388673333451e-05,0.00050441922212485224,0.51382362842559814,1.1514678988078231e-08,0.00027637157440185689,0.1111171960830688,64.668716430664062,2,2,0.005859375
response,53,0.883333333,1.3527067899703979,2.3164699086919427e-05,0.00046801862481515855,0.51382368803024292,-4.0642014198510878e-09,0.0002763119697570815,0.11111689805984493,64.669551849365234,2,2,0.005859375
response,54,0.9,1.3527072668075562,2.9571652703452855e-05,0.00038441721699200571,0.51382362842559814,6.7731313890817546e-09,0.00027637157440185689,0.11111636161804195,64.668144226074219,2,2,0.005859375
response,55,0.916666667,1.3527078628540039,3.5169126931577921e-05,0.00033584845368750393,0.51382368803024292,-3.3868552407056995e-09,0.0002763119697570815,0.11111582517623897,64.668914794921875,2,2,0.005859375
response,56,0.933333333,1.3527084589004517,3.9181362808449194e-05,0.00024073415261227638,0.51382362842559814,4.0637466725002014e-09,0.00027637157440185689,0.11111516952514644,64.667438507080078,2,2,0.005859375
response,57,0.95,1.352709174156189,4.2370211303932592e-05,0.00019133090972900391,0.51382368803024292,-7.4507049419025861e-09,0.0002763119697570815,0.11111451387405391,64.668205261230469,2,2,0.005859375
response,58,0.966666667,1.3527098894119263,4.3993346480419859e-05,9.7388110589236021e-05,0.51382362842559814,8.1280511210479744e-09,0.00027637157440185689,0.11111373901367183,64.666744232177734,2,2,0.005859375
response,59,0.983333333,1.3527106046676636,4.4770837121177465e-05,4.6649438445456326e-05,0.51382368803024292,-7.4507049419025861e-09,0.0002763119697570815,0.1111130833625793,64.667503356933594,2,2,0.005859375
response,60,1,1.3527113199234009,4.4177970266900957e-05,-3.5572011256590486e-05,0.51382362842559814,6.7724315044870309e-10,0.00027637157440185689,0.11111230850219722,64.666084289550781,2,2,0.005859375
response,61,1.01666667,1.3527120351791382,4.2929448682116345e-05,-7.4911295087076724e-05,0.51382368803024292,-7.4507049419025861e-09,0.0002763119697570815,0.11111165285110469,64.666900634765625,2,2,0.005859375
response,62,1.03333333,1.3527127504348755,4.0436687413603067e-05,-0.00014956567611079663,0.51382362842559814,8.127596373697088e-09,0.00027637157440185689,0.11111087799072261,64.665523529052734,2,2,0.005859375
response,63,1.05,1.3527133464813232,3.7395755498437211e-05,-0.00018245591490995139,0.51382368803024292,-3.3866278670302563e-09,0.0002763119697570815,0.11111034154891963,64.666370391845703,2,2,0.005615234375
response,64,1.06666667,1.352713942527771,3.3399512176401913e-05,-0.00023977459932211787,0.51382362842559814,6.7724315044870309e-10,0.00027637157440185689,0.1111096858978271,64.665084838867188,2,2,0.005615234375
response,65,1.08333333,1.3527144193649292,2.9140413971617818e-05,-0.00025554589228704572,0.51382368803024292,-1.0837560182608286e-08,0.0002763119697570815,0.11110926866531368,64.666015625,2,2,0.005859375
response,66,1.1,1.3527148962020874,2.4195858713937923e-05,-0.00029667331546079367,0.51382362842559814,7.4504775682271429e-09,0.00027637157440185689,0.1111087322235107,64.664798736572266,2,2,0.005859375
response,67,1.11666667,1.3527152538299561,1.9234219507779926e-05,-0.00029769835236947984,0.51382368803024292,-1.1514224240727344e-08,0.0002763119697570815,0.11110843420028682,64.665798187255859,2,2,0.005615234375
response,68,1.13333333,1.3527154922485352,1.3802200555801392e-05,-0.00032592113711871207,0.51382362842559814,4.0642014198510878e-09,0.00027637157440185689,0.11110813617706294,64.664646148681641,2,2,0.005859375
response,69,1.15,1.3527156114578247,8.7213511505979113e-06,-0.00030485096431220882,0.51382368803024292,-7.4507049419025861e-09,0.0002763119697570815,0.11110807657241817,64.665752410888672,2,2,0.005859375
response,70,1.16666667,1.3527157306671143,3.5251180179329822e-06,-0.00031177398795989575,0.51382362842559814,1.0159634911133253e-08,0.00027637157440185689,0.11110789775848384,64.664707183837891,2,2,0.005859375
response,71,1.18333333,1.3527157306671143,-1.1474887742224382e-06,-0.00028035640752932522,0.51382368803024292,-7.4507049419025861e-09,0.0002763119697570815,0.11110795736312862,64.665863037109375,2,2,0.005859375
response,72,1.2,1.3527156114578247,-5.8402620197739452e-06,-0.00028156639473309042,0.51382362842559814,8.127596373697088e-09,0.00027637157440185689,0.11110801696777339,64.664852142333984,2,2,0.005859375
response,73,1.21666667,1.3527154922485352,-9.6805897555896081e-06,-0.00023041966414893977,0.51382368803024292,-4.0639740461756446e-09,0.0002763119697570815,0.11110819578170772,64.666107177734375,2,2,0.005859375
response,74,1.23333333,1.3527152538299561,-1.3402153854258358e-05,-0.00022329384592012502,0.51382362842559814,7.4504775682271429e-09,0.00027637157440185689,0.11110837459564205,64.665130615234375,2,2,0.005859375
response,75,1.25,1.352715015411377,-1.6184945707209408e-05,-0.00016696751117706299,0.51382368803024292,-7.4504775682271429e-09,0.0002763119697570815,0.11110867261886592,64.666408538818359,2,2,0.005859375
response,76,1.26666667,1.3527147769927979,-1.8779834135784768e-05,-0.00015569330571452156,0.51382362842559814,8.1278237473725312e-09,0.00027637157440185689,0.11110885143280025,64.665462493896484,2,2,0.005859375
response,77,1.28333333,1.3527144193649292,-2.0479212253121659e-05,-0.0001019626870402135,0.51382368803024292,-7.4502501945516997e-09,0.0002763119697570815,0.11110926866531368,64.666725158691406,2,2,0.005859375
response,78,1.3,1.3527140617370605,-2.189362930948846e-05,-8.4865023382008076e-05,0.51382362842559814,1.0837332808932842e-08,0.00027637157440185689,0.11110956668853755,64.665805816650391,2,2,0.005859375
response,79,1.31666667,1.3527137041091919,-2.2371112208929844e-05,-2.8648973966483027e-05,0.51382368803024292,-7.4507049419025861e-09,0.0002763119697570815,0.11110998392105098,64.667087554931641,2,2,0.005615234375
response,80,1.33333333,1.3527133464813232,-2.2635062123299576e-05,-1.5836994862183928e-05,0.51382362842559814,4.0642014198510878e-09,0.00027637157440185689,0.11111028194427486,64.666141510009766,2,2,0.005615234375
response,81,1.35,1.3527129888534546,-2.2042193450033665e-05,3.5572120395954698e-05,0.51382368803024292,-4.7415475989964762e-09,0.0002763119697570815,0.11111069917678829,64.667404174804688,2,2,0.005859375
response,82,1.36666667,1.3527126312255859,-2.1304489564499818e-05,4.4262233132030815e-05,0.51382362842559814,7.4504775682271429e-09,0.00027637157440185689,0.11111099720001216,64.666435241699219,2,2,0.005859375
response,83,1.38333333,1.3527122735977173,-1.9769768186961301e-05,9.2083282652311027e-05,0.51382368803024292,-1.0837332808932842e-08,0.0002763119697570815,0.11111141443252559,64.667682647705078,2,2,0.005859375
response,84,1.4,1.3527119159698486,-1.818115561036393e-05,9.5316754595842212e-05,0.51382362842559814,7.4507049419025861e-09,0.00027637157440185689,0.11111171245574947,64.666694641113281,2,2,0.005859375
response,85,1.41666667,1.3527116775512695,-1.5848576367716305e-05,0.00013995475455885753,0.51382368803024292,-7.4507049419025861e-09,0.0002763119697570815,0.11111201047897334,64.667919158935547,2,2,0.005859375
response,86,1.43333333,1.3527114391326904,-1.3659000615007244e-05,0.00013137454516254365,0.51382362842559814,7.4507049419025861e-09,0.00027637157440185689,0.11111218929290767,64.6668701171875,2,2,0.005859375
response,87,1.45,1.3527112007141113,-1.0992338502546772e-05,0.0001599997267476283,0.51382368803024292,-1.0837105435257399e-08,0.0002763119697570815,0.11111248731613155,64.668018341064453,2,2,0.005859375
response,88,1.46666667,1.3527110815048218,-8.4814919318887405e-06,0.00015065079423948191,0.51382362842559814,6.7733587627571978e-09,0.00027637157440185689,0.11111254692077632,64.666969299316406,2,2,0.005859375
response,89,1.48333333,1.3527109622955322,-5.6342782954743598e-06,0.00017083281818486284,0.51382368803024292,-3.3868552407056995e-09,0.0002763119697570815,0.11111272573471065,64.668079376220703,2,2,0.005615234375
response,90,1.5,1.3527108430862427,-3.1872093586571282e-06,0.0001468241362090339,0.51382362842559814,8.1280511210479744e-09,0.00027637157440185689,0.11111278533935542,64.666950225830078,2,2,0.005615234375
response,91,1.51666667,1.3527108430862427,-4.0814282442624972e-07,0.00016674399205385271,0.51382368803024292,-4.0639740461756446e-09,0.0002763119697570815,0.1111128449440002,64.668064117431641,2,2,0.005615234375
response,92,1.53333333,1.3527108430862427,1.871188487712061e-06,0.00013675987872829865,0.51382362842559814,6.7724315044870309e-10,0.00027637157440185689,0.11111278533935542,64.666904449462891,2,2,0.005615234375
response,93,1.55,1.3527108430862427,4.308621100790333e-06,0.00014624595678469632,0.51382368803024292,-4.0639740461756446e-09,0.0002763119697570815,0.1111128449440002,64.667964935302734,2,2,0.005615234375
response,94,1.56666667,1.3527109622955322,6.2372287175094243e-06,0.00011571645700314548,0.51382362842559814,4.0637466725002014e-09,0.00027637157440185689,0.11111266613006587,64.666805267333984,2,2,0.005615234375
response,95,1.58333333,1.3527110815048218,8.1930065789492801e-06,0.00011734667168639135,0.51382368803024292,-1.1514451614402788e-08,0.0002763119697570815,0.1111126065254211,64.667819976806641,2,2,0.005615234375
response,96,1.6,1.3527112007141113,9.5144914666889235e-06,7.9289093264378607e-05,0.51382362842559814,8.1278237473725312e-09,0.00027637157440185689,0.11111242771148677,64.666629791259766,2,2,0.005615234375
response,97,1.61666667,1.3527113199234009,1.0908842341450509e-05,8.3661052485695109e-05,0.51382368803024292,-1.1514451614402788e-08,0.0002763119697570815,0.111112368106842,64.66766357421875,2,2,0.005615234375
response,98,1.63333333,1.35271155834198,1.1686335710692219e-05,4.6649602154502645e-05,0.51382362842559814,3.3866278670302563e-09,0.00027637157440185689,0.11111207008361812,64.666473388671875,2,2,0.005615234375
response,99,1.65,1.3527117967605591,1.2409488590492401e-05,4.338917278801091e-05,0.51382368803024292,-1.0837332808932842e-08,0.0002763119697570815,0.11111189126968379,64.667461395263672,2,2,0.005859375
response,100,1.66666667,1.3527120351791382,1.242076359631028e-05,6.7650034907273948e-07,0.51382362842559814,4.0639740461756446e-09,0.00027637157440185689,0.11111159324645992,64.666240692138672,2,2,0.005859375
response,101,1.68333333,1.3527122735977173,1.2386689377308358e-05,-2.0444531401153654e-06,0.51382368803024292,-3.3866278670302563e-09,0.0002763119697570815,0.11111141443252559,64.667240142822266,2,2,0.005859375
response,102,1.7,1.3527125120162964,1.170759423985146e-05,-4.0745708247413859e-05,0.51382362842559814,4.0639740461756446e-09,0.00027637157440185689,0.11111111640930171,64.666042327880859,2,2,0.005615234375
response,103,1.71666667,1.3527127504348755,1.104493912862381e-05,-3.9759306673659012e-05,0.51382368803024292,-3.3864004933548131e-09,0.0002763119697570815,0.11111093759536739,64.66705322265625,2,2,0.005615234375
response,104,1.73333333,1.352712869644165,9.7566344265942462e-06,-7.7298282121773809e-05,0.51382362842559814,4.0639740461756446e-09,0.00027637157440185689,0.11111075878143306,64.665859222412109,2,2,0.005859375
response,105,1.75,1.3527129888534546,8.7385369624826126e-06,-6.1085847846698016e-05,0.51382368803024292,-7.4504775682271429e-09,0.0002763119697570815,0.11111069917678829,64.666946411132812,2,2,0.005859375
response,106,1.76666667,1.3527131080627441,7.2776774686644785e-06,-8.7651569629088044e-05,0.51382362842559814,4.0642014198510878e-09,0.00027637157440185689,0.11111052036285396,64.665809631347656,2,2,0.005859375
response,107,1.78333333,1.3527132272720337,6.0940283219679259e-06,-7.1018948801793158e-05,0.51382368803024292,-7.4507049419025861e-09,0.0002763119697570815,0.11111046075820918,64.666896820068359,2,2,0.005859375
response,108,1.8,1.3527133464813232,4.4809776227339171e-06,-9.6783041954040527e-05,0.51382362842559814,7.4507049419025861e-09,0.00027637157440185689,0.11111028194427486,64.665760040283203,2,2,0.005859375
response,109,1.81666667,1.3527134656906128,3.158499794153613e-06,-7.9348669714818243e-05,0.51382368803024292,-3.3866278670302563e-09,0.0002763119697570815,0.11111022233963008,64.666854858398438,2,2,0.005859375
response,110,1.83333333,1.3527134656906128,1.4294187167251948e-06,-0.00010374486464570509,0.51382362842559814,1.0159862284808696e-08,0.00027637157440185689,0.11111016273498531,64.665725708007812,2,2,0.005859375
response,111,1.85,1.3527134656906128,1.4473994269792456e-07,-7.7080726441636216e-05,0.51382368803024292,-7.4507049419025861e-09,0.0002763119697570815,0.11111022233963008,64.666862487792969,2,2,0.005859375
response,112,1.86666667,1.3527134656906128,-1.3459225556289311e-06,-8.9439749899611343e-05,0.51382362842559814,6.7724315044870309e-10,0.00027637157440185689,0.11111016273498531,64.665790557861328,2,2,0.005859375
response,113,1.88333333,1.3527134656906128,-2.418359144940041e-06,-6.4346195358666591e-05,0.51382368803024292,-1.0837105435257399e-08,0.0002763119697570815,0.11111022233963008,64.666923522949219,2,2,0.005859375
response,114,1.9,1.3527134656906128,-3.7630895803886233e-06,-8.0683826126914937e-05,0.51382362842559814,7.4504775682271429e-09,0.00027637157440185689,0.11111016273498531,64.665836334228516,2,2,0.005859375
response,115,1.91666667,1.3527133464813232,-4.664609605242731e-06,-5.4091201491246466e-05,0.51382368803024292,-7.4502501945516997e-09,0.0002763119697570815,0.11111034154891963,64.666976928710938,2,2,0.006103515625
response,116,1.93333333,1.3527132272720337,-5.6709845921432134e-06,-6.038249921402894e-05,0.51382362842559814,8.1278237473725312e-09,0.00027637157440185689,0.11111040115356441,64.665931701660156,2,2,0.005859375
response,117,1.95,1.3527131080627441,-6.09412791163777e-06,-2.5388599169673398e-05,0.51382368803024292,-4.0637466725002014e-09,0.0002763119697570815,0.11111057996749873,64.6671142578125,2,2,0.005859375
response,118,1.96666667,1.3527129888534546,-6.6533684730529785e-06,-3.355443368491251e-05,0.51382362842559814,6.7724315044870309e-10,0.00027637157440185689,0.11111063957214351,64.666065216064453,2,2,0.005859375
response,119,1.98333333,1.352712869644165,-6.6832699303631671e-06,-1.7940874386113137e-06,0.51382368803024292,-3.3864004933548131e-09,0.0002763119697570815,0.11111081838607784,64.667228698730469,2,2,0.005859375
response,120,2,1.3527127504348755,-6.8619847297668457e-06,-1.0722887964220718e-05,0.51382362842559814,1.0837105435257399e-08,0.00027637157440185689,0.11111087799072261,64.666175842285156,2,2,0.005859375
response,121,2.01666667,1.3527126312255859,-6.5331655605405103e-06,1.9729150153580122e-05,0.51382368803024292,-8.1278237473725312e-09,0.0002763119697570815,0.11111105680465694,64.667339324951172,2,2,0.005859375
response,122,2.03333333,1.3527125120162964,-6.3776969909667969e-06,9.328114174422808e-06,0.51382362842559814,7.4502501945516997e-09,0.00027637157440185689,0.11111111640930171,64.666278839111328,2,2,0.005859375
response,123,2.05,1.3527123928070068,-5.7370466493011918e-06,3.8439020499936305e-05,0.51382368803024292,-7.4507049419025861e-09,0.0002763119697570815,0.11111129522323604,64.667427062988281,2,2,0.005859375
response,124,2.06666667,1.3527122735977173,-5.3048133850097656e-06,2.593399585748557e-05,0.51382362842559814,4.0639740461756446e-09,0.00027637157440185689,0.11111135482788081,64.666355133056641,2,2,0.005859375
response,125,2.08333333,1.3527121543884277,-4.395296400616644e-06,5.45710190635873e-05,0.51382368803024292,-3.3868552407056995e-09,0.0002763119697570815,0.11111153364181514,64.667507171630859,2,2,0.005859375
response,126,2.1,1.3527120351791382,-3.7401914596557617e-06,3.9306296457652934e-05,0.51382362842559814,8.1278237473725312e-09,0.00027637157440185689,0.11111159324645992,64.666423797607422,2,2,0.005859375
response,127,2.11666667,1.3527120351791382,-2.6178856842307141e-06,6.7338346525502857e-05,0.51382368803024292,-7.4504775682271429e-09,0.0002763119697570815,0.11111165285110469,64.667568206787109,2,2,0.005859375
response,128,2.13333333,1.3527120351791382,-1.8881758023781003e-06,4.3782592911156826e-05,0.51382362842559814,7.4504775682271429e-09,0.00027637157440185689,0.11111159324645992,64.666446685791016,2,2,0.005859375
response,129,2.15,1.3527120351791382,-9.0097387328569312e-07,5.9232115745544434e-05,0.51382368803024292,-3.3866278670302563e-09,0.0002763119697570815,0.11111165285110469,64.667537689208984,2,2,0.005859375
response,130,2.16666667,1.3527120351791382,-2.9419859970403195e-07,3.640651641489967e-05,0.51382362842559814,8.1278237473725312e-09,0.00027637157440185689,0.11111159324645992,64.666416168212891,2,2,0.005859375
response,131,2.18333333,1.3527120351791382,5.8541695580061059e-07,5.2776933330278553e-05,0.51382368803024292,-4.0642014198510878e-09,0.0002763119697570815,0.11111165285110469,64.667503356933594,2,2,0.005859375
response,132,2.2,1.3527120351791382,1.0957817266898928e-06,3.0621886253356934e-05,0.51382362842559814,4.0639740461756446e-09,0.00027637157440185689,0.11111159324645992,64.6663818359375,2,2,0.005615234375
response,133,2.21666667,1.3527120351791382,1.8779933270707261e-06,4.6932696022849996e-05,0.51382368803024292,-1.0837105435257399e-08,0.0002763119697570815,0.11111165285110469,64.667472839355469,2,2,0.005615234375
response,134,2.23333333,1.3527120351791382,2.2878746221977053e-06,2.4592877707618754e-05,0.51382362842559814,3.3868552407056995e-09,0.00027637157440185689,0.11111159324645992,64.666355133056641,2,2,0.005615234375
response,135,2.25,1.3527120351791382,2.9882291983085452e-06,4.2021274566650391e-05,0.51382368803024292,-7.4504775682271429e-09,0.0002763119697570815,0.11111165285110469,64.667453765869141,2,2,0.005615234375
response,136,2.26666667,1.3527120351791382,3.3161541068693623e-06,1.9675494513649028e-05,0.51382362842559814,4.0642014198510878e-09,0.00027637157440185689,0.11111159324645992,64.666336059570312,2,2,0.005615234375
response,137,2.28333333,1.3527121543884277,3.9530791582365055e-06,3.821550308202859e-05,0.51382368803024292,-7.4507049419025861e-09,0.0002763119697570815,0.11111153364181514,64.667430877685547,2,2,0.005859375
response,138,2.3,1.3527122735977173,4.056394118379103e-06,6.1988976085558534e-06,0.51382362842559814,8.1282784947234177e-09,0.00027637157440185689,0.11111135482788081,64.666263580322266,2,2,0.005859375
response,139,2.31666667,1.3527123928070068,4.2958063204423524e-06,1.4364732123794965e-05,0.51382368803024292,-3.3866278670302563e-09,0.0002763119697570815,0.11111129522323604,64.667312622070312,2,2,0.005859375
response,140,2.33333333,1.3527125120162964,4.0303170862898696e-06,-1.5929354049148969e-05,0.51382362842559814,7.4507049419025861e-09,0.00027637157440185689,0.11111111640930171,64.666160583496094,2,2,0.005859375
response,141,2.35,1.3527126312255859,3.9264559745788574e-06,-6.231666702660732e-06,0.51382368803024292,-1.0837105435257399e-08,0.0002763119697570815,0.11111105680465694,64.667213439941406,2,2,0.005859375
response,142,2.36666667,1.3527127504348755,3.3443172924307873e-06,-3.4928320928884204e-05,0.51382362842559814,7.4504775682271429e-09,0.00027637157440185689,0.11111087799072261,64.666065216064453,2,2,0.005859375
response,143,2.38333333,1.3527127504348755,2.9429793357849121e-06,-2.4080277398752514e-05,0.51382368803024292,-4.0639740461756446e-09,0.0002763119697570815,0.11111093759536739,64.667129516601562,2,2,0.005859375
response,144,2.4,1.3527127504348755,2.2569795419258298e-06,-4.1159987631544936e-05,0.51382362842559814,6.7724315044870309e-10,0.00027637157440185689,0.11111087799072261,64.666034698486328,2,2,0.005859375
response,145,2.41666667,1.3527127504348755,1.9179781247657957e-06,-2.0340085029602051e-05,0.51382368803024292,-3.3866278670302563e-09,0.0002763119697570815,0.11111093759536739,64.667148590087891,2,2,0.005859375
response,146,2.43333333,1.3527127504348755,1.2921293546241941e-06,-3.7550926208496094e-05,0.51382362842559814,8.1280511210479744e-09,0.00027637157440185689,0.11111087799072261,64.666049957275391,2,2,0.005859375
response,147,2.45,1.3527127504348755,1.0169048891839338e-06,-1.6513467926415615e-05,0.51382368803024292,-7.4502501945516997e-09,0.0002763119697570815,0.11111093759536739,64.667160034179688,2,2,0.005859375
response,148,2.46666667,1.3527127504348755,4.651149367873586e-07,-3.3107397143794515e-05,0.51382362842559814,7.4504775682271429e-09,0.00027637157440185689,0.11111087799072261,64.666072845458984,2,2,0.005859375
response,149,2.48333333,1.3527127504348755,2.7194619178771973e-07,-1.1590124699978333e-05,0.51382368803024292,-7.4507049419025861e-09,0.0002763119697570815,0.11111093759536739,64.667186737060547,2,2,0.005859375
response,150,2.5,1.3527127504348755,-2.426902483421145e-07,-3.0878186407790054e-05,0.51382362842559814,4.0639740461756446e-09,0.00027637157440185689,0.11111087799072261,64.666080474853516,2,2,0.005859375
response,151,2.51666667,1.3527127504348755,-3.8370490074157715e-07,-8.4608791439677589e-06,0.51382368803024292,-4.0639740461756446e-09,0.0002763119697570815,0.11111093759536739,64.667205810546875,2,2,0.005859375
response,152,2.53333333,1.3527127504348755,-8.2691508396237623e-07,-2.6592610993247945e-05,0.51382362842559814,1.0837332808932842e-08,0.00027637157440185689,0.11111087799072261,64.666103363037109,2,2,0.005859375
response,153,2.55,1.3527127504348755,-9.16421356578212e-07,-5.3703763569501461e-06,0.51382368803024292,-7.4507049419025861e-09,0.0002763119697570815,0.11111093759536739,64.667213439941406,2,2,0.005615234375
response,154,2.56666667,1.3527127504348755,-1.3006726931052981e-06,-2.3055080191625166e-05,0.51382362842559814,7.4507049419025861e-09,0.00027637157440185689,0.11111087799072261,64.666114807128906,2,2,0.005615234375
response,155,2.58333333,1.3527127504348755,-1.3671815395355225e-06,-3.990530785813462e-06,0.51382368803024292,-7.4507049419025861e-09,0.0002763119697570815,0.11111093759536739,64.667224884033203,2,2,0.005615234375
response,156,2.6,1.3527127504348755,-1.7285346984863281e-06,-2.168118953704834e-05,0.51382362842559814,8.1278237473725312e-09,0.00027637157440185689,0.11111087799072261,64.666118621826172,2,2,0.005615234375
response,157,2.61666667,1.3527127504348755,-1.776963472366333e-06,-2.905726432800293e-06,0.51382368803024292,-3.3866278670302563e-09,0.0002763119697570815,0.11111093759536739,64.667228698730469,2,2,0.005615234375
response,158,2.63333333,1.3527127504348755,-2.1122395992279053e-06,-2.0116567611694336e-05,0.51382362842559814,8.1280511210479744e-09,0.00027637157440185689,0.11111087799072261,64.666133880615234,2,2,0.005859375
response,159,2.65,1.3527127504348755,-2.1117925825819839e-06,2.6820998755283654e-08,0.51382368803024292,-7.4504775682271429e-09,0.0002763119697570815,0.11111093759536739,64.667236328125,2,2,0.005859375
response,160,2.66666667,1.3527127504348755,-2.428889274597168e-06,-1.9025801520911045e-05,0.51382362842559814,8.1280511210479744e-09,0.00027637157440185689,0.11111087799072261,64.666133880615234,2,2,0.005859375
response,161,2.68333333,1.3527127504348755,-2.409815806458937e-06,1.1444080882938579e-06,0.51382368803024292,-6.7731313890817546e-09,0.0002763119697570815,0.11111093759536739,64.667240142822266,2,2,0.005859375
response,162,2.7,1.3527127504348755,-2.7162830065208254e-06,-1.8388032003713306e-05,0.51382362842559814,7.4507049419025861e-09,0.00027637157440185689,0.11111087799072261,64.6661376953125,2,2,0.005859375
response,163,2.71666667,1.3527127504348755,-2.6854872885451186e-06,1.8477430785424076e-06,0.51382368803024292,-7.4504775682271429e-09,0.0002763119697570815,0.11111093759536739,64.667247772216797,2,2,0.005859375
response,164,2.73333333,1.3527127504348755,-2.9770533274131594e-06,-1.7493962332082447e-05,0.51382362842559814,4.0637466725002014e-09,0.00027637157440185689,0.11111087799072261,64.666149139404297,2,2,0.005859375
response,165,2.75,1.3527127504348755,-2.9350817385420669e-06,2.5182953322655521e-06,0.51382368803024292,-7.4504775682271429e-09,0.0002763119697570815,0.11111093759536739,64.667247772216797,2,2,0.005859375
response,166,2.76666667,1.3527127504348755,-3.2154719065147219e-06,-1.6823410078359302e-05,0.51382362842559814,7.4507049419025861e-09,0.00027637157440185689,0.11111087799072261,64.666145324707031,2,2,0.005859375
response,167,2.78333333,1.3527127504348755,-3.1585991564497817e-06,3.4123650038964115e-06,0.51382368803024292,-7.4504775682271429e-09,0.0002763119697570815,0.11111093759536739,64.667251586914062,2,2,0.005859375
response,168,2.8,1.3527127504348755,-3.427813453527051e-06,-1.6152857824636158e-05,0.51382362842559814,7.4507049419025861e-09,0.00027637157440185689,0.11111087799072261,64.666152954101562,2,2,0.006103515625
response,169,2.81666667,1.3527127504348755,-3.3560395422682632e-06,4.3064346755272709e-06,0.51382368803024292,-1.0837332808932842e-08,0.0002763119697570815,0.11111093759536739,64.667255401611328,2,2,0.010009765625
response,170,2.83333333,1.3527127504348755,-3.6135315895080566e-06,-1.5449522834387608e-05,0.51382362842559814,6.7724315044870309e-10,0.00027637157440185689,0.11111087799072261,64.666152954101562,2,2,0.3115234375
response,171,2.85,1.3527126312255859,-3.5305818073538831e-06,4.9769869292504154e-06,0.51382368803024292,-8.1280511210479744e-09,0.0002763119697570815,0.11111105680465694,64.667266845703125,2,2,0.00732421875
response,172,2.86666667,1.3527126312255859,-3.6209821701049805e-06,-5.4240217650658451e-06,0.51382362842559814,1.0837105435257399e-08,0.00027637157440185689,0.11111099720001216,64.666202545166016,2,2,0.005859375
response,173,2.88333333,1.3527126312255859,-3.372033461346291e-06,1.4936922525521368e-05,0.51382368803024292,-7.4504775682271429e-09,0.0002763119697570815,0.11111105680465694,64.667312622070312,2,2,0.005859375
response,174,2.9,1.3527126312255859,-3.468245267868042e-06,-5.7727083913050592e-06,0.51382362842559814,8.1278237473725312e-09,0.00027637157440185689,0.11111099720001216,64.666202545166016,2,2,0.005859375
response,175,2.91666667,1.3527126312255859,-3.2304724300047383e-06,1.4266370271798223e-05,0.51382368803024292,-1.1514224240727344e-08,0.0002763119697570815,0.11111105680465694,64.667312622070312,2,2,0.005859375
response,176,2.93333333,1.3527126312255859,-3.3341348171234131e-06,-6.2197432271204889e-06,0.51382362842559814,7.4504775682271429e-09,0.00027637157440185689,0.11111099720001216,64.666206359863281,2,2,0.005859375
response,177,2.95,1.3527126312255859,-3.1000872695585713e-06,1.4042852853890508e-05,0.51382368803024292,-7.4504775682271429e-09,0.0002763119697570815,0.11111105680465694,64.667304992675781,2,2,0.005859375
response,178,2.96666667,1.3527126312255859,-3.2154719065147219e-06,-6.9230782173690386e-06,0.51382362842559814,6.7731313890817546e-09,0.00027637157440185689,0.11111099720001216,64.66619873046875,2,2,0.005859375
response,179,2.98333333,1.3527126312255859,-2.9920538509031758e-06,1.3405083336692769e-05,0.51382368803024292,-1.2191797793548176e-08,0.0002763119697570815,0.11111105680465694,64.667304992675781,2,2,0.005859375
response,180,3,1.3527126312255859,-3.1106173992156982e-06,-7.1138128987513483e-06,0.51382362842559814,6.7724315044870309e-10,0.00027637157440185689,0.11111099720001216,64.66619873046875,2,2,0.005859375
response,181,3.01666667,1.3527126312255859,-2.8914710128447041e-06,1.3148783182259649e-05,0.51382368803024292,-3.3866278670302563e-09,0.0002763119697570815,0.11111105680465694,64.667308807373047,2,2,0.005859375
response,182,3.03333333,1.3527126312255859,-3.0174851417541504e-06,-7.5608477345667779e-06,0.51382362842559814,1.0837105435257399e-08,0.00027637157440185689,0.11111099720001216,64.66619873046875,2,2,0.005859375
response,183,3.05,1.3527126312255859,-2.80524295703799e-06,1.2734531082969625e-05,0.51382368803024292,-3.3866278670302563e-09,0.0002763119697570815,0.11111105680465694,64.667304992675781,2,2,0.006103515625
response,184,3.06666667,1.3527126312255859,-2.9392540454864502e-06,-8.0406653069076128e-06,0.51382362842559814,1.0837105435257399e-08,0.00027637157440185689,0.11111099720001216,64.666194915771484,2,2,0.005859375
response,185,3.08333333,1.3527126312255859,-2.7275582397123799e-06,1.2701748346444219e-05,0.51382368803024292,-3.3866278670302563e-09,0.0002763119697570815,0.11111105680465694,64.667304992675781,2,2,0.005859375
response,186,3.1,1.3527126312255859,-2.86102294921875e-06,-8.0078825703822076e-06,0.51382362842559814,8.1278237473725312e-09,0.00027637157440185689,0.11111099720001216,64.666194915771484,2,2,0.005859375
response,187,3.11666667,1.3527126312255859,-2.6530524337431416e-06,1.2478230928536505e-05,0.51382368803024292,-1.0837105435257399e-08,0.0002763119697570815,0.11111105680465694,64.66729736328125,2,2,0.005615234375
response,188,3.13333333,1.3527126312255859,-2.7865171432495117e-06,-8.0078825703822076e-06,0.51382362842559814,8.1278237473725312e-09,0.00027637157440185689,0.11111099720001216,64.666191101074219,2,2,0.005615234375
response,189,3.15,1.3527126312255859,-2.5854508294287371e-06,1.206397882924648e-05,0.51382368803024292,-1.0836878061581956e-08,0.0002763119697570815,0.11111105680465694,64.66729736328125,2,2,0.005615234375
response,190,3.16666667,1.3527126312255859,-2.7162830065208254e-06,-7.8499306255253032e-06,0.51382362842559814,4.0639740461756446e-09,0.00027637157440185689,0.11111099720001216,64.666187286376953,2,2,0.005859375
response,191,3.18333333,1.3527126312255859,-2.5189419829985127e-06,1.1840461411338765e-05,0.51382368803024292,-4.0639740461756446e-09,0.0002763119697570815,0.11111105680465694,64.667304992675781,2,2,0.005859375
response,192,3.2,1.3527126312255859,-2.6524066925048828e-06,-8.0078825703822076e-06,0.51382362842559814,6.7731313890817546e-09,0.00027637157440185689,0.11111099720001216,64.666187286376953,2,2,0.005859375
response,193,3.21666667,1.3527126312255859,-2.4518867576261982e-06,1.2031196092721075e-05,0.51382368803024292,-7.4504775682271429e-09,0.0002763119697570815,0.11111105680465694,64.66729736328125,2,2,0.005859375
response,194,3.23333333,1.3527126312255859,-2.5890767574310303e-06,-8.2313999882899225e-06,0.51382362842559814,7.4504775682271429e-09,0.00027637157440185689,0.11111099720001216,64.666187286376953,2,2,0.005859375
response,195,3.25,1.3527126312255859,-2.3960074031492695e-06,1.1584161256905645e-05,0.51382368803024292,-6.7731313890817546e-09,0.0002763119697570815,0.11111105680465694,64.66729736328125,2,2,0.005859375
response,196,3.26666667,1.3527126312255859,-2.5369226932525635e-06,-8.4549174061976373e-06,0.51382362842559814,8.1278237473725312e-09,0.00027637157440185689,0.11111099720001216,64.666187286376953,2,2,0.005615234375
response,197,3.28333333,1.3527126312255859,-2.3502111616835464e-06,1.1202691894141026e-05,0.51382368803024292,-6.7731313890817546e-09,0.0002763119697570815,0.11111105680465694,64.667293548583984,2,2,0.005859375
response,198,3.3,1.3527126312255859,-2.4964908789115725e-06,-8.7767830336815678e-06,0.51382362842559814,8.1278237473725312e-09,0.00027637157440185689,0.11111099720001216,64.666191101074219,2,2,0.005859375
response,199,3.31666667,1.3527126312255859,-2.3092329684004653e-06,1.1235474630666431e-05,0.51382368803024292,-4.0639740461756446e-09,0.0002763119697570815,0.11111105680465694,64.667293548583984,2,2,0.005859375
response,200,3.33333333,1.3527126312255859,-2.4586915969848633e-06,-8.9675177150638774e-06,0.51382362842559814,4.0639740461756446e-09,0.00027637157440185689,0.11111099720001216,64.666191101074219,2,2,0.005859375
response,201,3.35,1.3527126312255859,-2.2762517346563982e-06,1.0946391739707906e-05,0.51382368803024292,-1.0837332808932842e-08,0.0002763119697570815,0.11111105680465694,64.66729736328125,2,2,0.005859375
response,202,3.36666667,1.3527126312255859,-2.4251639842987061e-06,-8.9347349785384722e-06,0.51382362842559814,6.7724315044870309e-10,0.00027637157440185689,0.11111099720001216,64.666187286376953,2,2,0.005859375
response,203,3.38333333,1.3527126312255859,-2.242724121970241e-06,1.0946391739707906e-05,0.51382368803024292,-3.3866278670302563e-09,0.0002763119697570815,0.11111105680465694,64.66729736328125,2,2,0.005859375
response,204,3.4,1.3527126312255859,-2.3953616619110107e-06,-9.158252396446187e-06,0.51382362842559814,4.0639740461756446e-09,0.00027637157440185689,0.11111099720001216,64.666183471679688,2,2,0.005615234375
response,205,3.41666667,1.3527126312255859,-2.2166470898810076e-06,1.0722874321800191e-05,0.51382368803024292,-4.0639740461756446e-09,0.0002763119697570815,0.11111105680465694,64.667293548583984,2,2,0.005615234375
response,206,3.43333333,1.3527126312255859,-2.3692846298217773e-06,-9.158252396446187e-06,0.51382362842559814,4.0639740461756446e-09,0.00027637157440185689,0.11111099720001216,64.666183471679688,2,2,0.005859375
response,207,3.45,1.3527126312255859,-2.1905700577917742e-06,1.0722874321800191e-05,0.51382368803024292,-4.0639740461756446e-09,0.0002763119697570815,0.11111105680465694,64.667293548583984,2,2,0.005859375
response,208,3.46666667,1.3527126312255859,-2.3432075977325439e-06,-9.158252396446187e-06,0.51382362842559814,4.0639740461756446e-09,0.00027637157440185689,0.11111099720001216,64.666183471679688,2,2,0.008056640625
response,209,3.48333333,1.3527126312255859,-2.1682183160010027e-06,1.0499356903892476e-05,0.51382368803024292,-7.4504775682271429e-09,0.0002763119697570815,0.11111105680465694,64.667293548583984,2,2,0.008056640625
response,210,3.5,1.3527126312255859,-2.3245811462402344e-06,-9.3817698143539019e-06,0.51382362842559814,4.0639740461756446e-09,0.00027637157440185689,0.11111099720001216,64.666183471679688,2,2,0.007080078125
response,211,3.51666667,1.3527126312255859,-2.1495918645086931e-06,1.0499356903892476e-05,0.51382368803024292,-7.4504775682271429e-09,0.0002763119697570815,0.11111105680465694,64.667293548583984,2,2,0.007080078125
response,212,3.53333333,1.3527126312255859,-2.3059546947479248e-06,-9.3817698143539019e-06,0.51382362842559814,4.0639740461756446e-09,0.00027637157440185689,0.11111099720001216,64.666183471679688,2,2,0.00732421875
response,213,3.55,1.3527126312255859,-2.1309654130163835e-06,1.0499356903892476e-05,0.51382368803024292,-7.4504775682271429e-09,0.0002763119697570815,0.11111105680465694,64.667293548583984,2,2,0.005859375
response,214,3.56666667,1.3527126312255859,-2.2873282432556152e-06,-9.3817698143539019e-06,0.51382362842559814,4.0639740461756446e-09,0.00027637157440185689,0.11111099720001216,64.666183471679688,2,2,0.005859375
response,215,3.58333333,1.3527126312255859,-2.1155178728804458e-06,1.0308622222510166e-05,0.51382368803024292,-7.4504775682271429e-09,0.0002763119697570815,0.11111105680465694,64.667289733886719,2,2,0.005859375
response,216,3.6,1.3527126312255859,-2.2766987513023196e-06,-9.6708527053124271e-06,0.51382362842559814,8.1278237473725312e-09,0.00027637157440185689,0.11111099720001216,64.666183471679688,2,2,0.005859375
response,217,3.61666667,1.3527126312255859,-2.1043420019850601e-06,1.0341404959035572e-05,0.51382368803024292,-7.4504775682271429e-09,0.0002763119697570815,0.11111105680465694,64.667293548583984,2,2,0.005859375
response,218,3.63333333,1.3527126312255859,-2.2655228804069338e-06,-9.6708527053124271e-06,0.51382362842559814,4.0642014198510878e-09,0.00027637157440185689,0.11111099720001216,64.666183471679688,2,2,0.005859375
response,219,3.65,1.3527126312255859,-2.0931661310896743e-06,1.0341404959035572e-05,0.51382368803024292,-4.0639740461756446e-09,0.0002763119697570815,0.11111105680465694,64.667293548583984,2,2,0.005859375
response,220,3.66666667,1.3527126312255859,-2.2543470095115481e-06,-9.6708527053124271e-06,0.51382362842559814,8.1278237473725312e-09,0.00027637157440185689,0.11111099720001216,64.666183471679688,2,2,0.005615234375
response,221,3.68333333,1.3527126312255859,-2.0819902601942886e-06,1.0341404959035572e-05,0.51382368803024292,-7.4504775682271429e-09,0.0002763119697570815,0.11111105680465694,64.667293548583984,2,2,0.005615234375
response,222,3.7,1.3527126312255859,-2.2431711386161624e-06,-9.6708527053124271e-06,0.51382362842559814,4.0639740461756446e-09,0.00027637157440185689,0.11111099720001216,64.666179656982422,2,2,0.005615234375
response,223,3.71666667,1.3527126312255859,-2.0708143892989028e-06,1.0341404959035572e-05,0.51382368803024292,-4.0639740461756446e-09,0.0002763119697570815,0.11111105680465694,64.667293548583984,2,2,0.005859375
response,224,3.73333333,1.3527126312255859,-2.2351741790771484e-06,-9.8615873866947368e-06,0.51382362842559814,8.1278237473725312e-09,0.00027637157440185689,0.11111099720001216,64.666183471679688,2,2,0.005859375
response,225,3.75,1.3527126312255859,-2.067635477942531e-06,1.0052322068077046e-05,0.51382368803024292,-1.0837332808932842e-08,0.0002763119697570815,0.11111105680465694,64.667289733886719,2,2,0.005859375
response,226,3.76666667,1.3527126312255859,-2.2314488887786865e-06,-9.8288046501693316e-06,0.51382362842559814,4.0639740461756446e-09,0.00027637157440185689,0.11111099720001216,64.666183471679688,2,2,0.005859375
response,227,3.78333333,1.3527126312255859,-2.0639101876440691e-06,1.0052322068077046e-05,0.51382368803024292,-4.0639740461756446e-09,0.0002763119697570815,0.11111105680465694,64.667289733886719,2,2,0.005859375
response,228,3.8,1.3527126312255859,-2.2277235984802246e-06,-9.8288046501693316e-06,0.51382362842559814,4.0639740461756446e-09,0.00027637157440185689,0.11111099720001216,64.666183471679688,2,2,0.005859375
response,229,3.81666667,1.3527126312255859,-2.0601848973456072e-06,1.0052322068077046e-05,0.51382368803024292,-4.0639740461756446e-09,0.0002763119697570815,0.11111105680465694,64.667289733886719,2,2,0.005859375
response,230,3.83333333,1.3527126312255859,-2.2239983081817627e-06,-9.8288046501693316e-06,0.51382362842559814,4.0639740461756446e-09,0.00027637157440185689,0.11111099720001216,64.666183471679688,2,2,0.005859375
response,231,3.85,1.3527126312255859,-2.0564596070471453e-06,1.0052322068077046e-05,0.51382368803024292,-4.0639740461756446e-09,0.0002763119697570815,0.11111105680465694,64.667289733886719,2,2,0.005859375
response,232,3.86666667,1.3527126312255859,-2.2202730178833008e-06,-9.8288046501693316e-06,0.51382362842559814,4.0639740461756446e-09,0.00027637157440185689,0.11111099720001216,64.666183471679688,2,2,0.005615234375
response,233,3.88333333,1.3527126312255859,-2.0527343167486833e-06,1.0052322068077046e-05,0.51382368803024292,-4.0639740461756446e-09,0.0002763119697570815,0.11111105680465694,64.667289733886719,2,2,0.005615234375
response,234,3.9,1.3527126312255859,-2.2165477275848389e-06,-9.8288046501693316e-06,0.51382362842559814,4.0639740461756446e-09,0.00027637157440185689,0.11111099720001216,64.666183471679688,2,2,0.005615234375
response,235,3.91666667,1.3527126312255859,-2.0490090264502214e-06,1.0052322068077046e-05,0.51382368803024292,-4.0639740461756446e-09,0.0002763119697570815,0.11111105680465694,64.667289733886719,2,2,0.005615234375
response,236,3.93333333,1.3527126312255859,-2.212822437286377e-06,-9.8288046501693316e-06,0.51382362842559814,4.0639740461756446e-09,0.00027637157440185689,0.11111099720001216,64.666183471679688,2,2,0.005615234375
response,237,3.95,1.3527126312255859,-2.0452837361517595e-06,1.0052322068077046e-05,0.51382368803024292,-4.0639740461756446e-09,0.0002763119697570815,0.11111105680465694,64.667289733886719,2,2,0.005859375
response,238,3.96666667,1.3527126312255859,-2.209097146987915e-06,-9.8288046501693316e-06,0.51382362842559814,4.0639740461756446e-09,0.00027637157440185689,0.11111099720001216,64.666183471679688,2,2,0.005859375
response,239,3.98333333,1.3527126312255859,-2.0415584458532976e-06,1.0052322068077046e-05,0.51382368803024292,-4.0639740461756446e-09,0.0002763119697570815,0.11111105680465694,64.667289733886719,2,2,0.005859375
response,240,4,1.3527126312255859,-2.2053718566894531e-06,-9.8288046501693316e-06,0.51382362842559814,4.0639740461756446e-09,0.00027637157440185689,0.11111099720001216,64.666183471679688,2,2,0.005859375
response,241,4.01666667,1.3527126312255859,-2.0378331555548357e-06,1.0052322068077046e-05,0.51382368803024292,-4.0639740461756446e-09,0.0002763119697570815,0.11111105680465694,64.667289733886719,2,2,0.005859375
response,242,4.03333333,1.3527126312255859,-2.2016465663909912e-06,-9.8288046501693316e-06,0.51382362842559814,4.0639740461756446e-09,0.00027637157440185689,0.11111099720001216,64.666183471679688,2,2,0.005859375
response,243,4.05,1.3527126312255859,-2.0341078652563738e-06,1.0052322068077046e-05,0.51382368803024292,-4.0639740461756446e-09,0.0002763119697570815,0.11111105680465694,64.667289733886719,2,2,0.005859375
response,244,4.06666667,1.3527126312255859,-2.1979212760925293e-06,-9.8288046501693316e-06,0.51382362842559814,4.0639740461756446e-09,0.00027637157440185689,0.11111099720001216,64.666183471679688,2,2,0.005859375
response,245,4.08333333,1.3527126312255859,-2.0303825749579119e-06,1.0052322068077046e-05,0.51382368803024292,-4.0639740461756446e-09,0.0002763119697570815,0.11111105680465694,64.667289733886719,2,2,0.005859375
response,246,4.1,1.3527126312255859,-2.1941959857940674e-06,-9.8288046501693316e-06,0.51382362842559814,4.0639740461756446e-09,0.00027637157440185689,0.11111099720001216,64.666183471679688,2,2,0.005859375
response,247,4.11666667,1.3527126312255859,-2.0266572846594499e-06,1.0052322068077046e-05,0.51382368803024292,-4.0639740461756446e-09,0.0002763119697570815,0.11111105680465694,64.667289733886719,2,2,0.005859375
response,248,4.13333333,1.3527126312255859,-2.1904706954956055e-06,-9.8288046501693316e-06,0.51382362842559814,4.0639740461756446e-09,0.00027637157440185689,0.11111099720001216,64.666183471679688,2,2,0.005859375
response,249,4.15,1.3527126312255859,-2.022931994360988e-06,1.0052322068077046e-05,0.51382368803024292,-4.0639740461756446e-09,0.0002763119697570815,0.11111105680465694,64.667289733886719,2,2,0.005859375
response,250,4.16666667,1.3527126312255859,-2.1867454051971436e-06,-9.8288046501693316e-06,0.51382362842559814,4.0639740461756446e-09,0.00027637157440185689,0.11111099720001216,64.666183471679688,2,2,0.005859375
response,251,4.18333333,1.3527126312255859,-2.0192067040625261e-06,1.0052322068077046e-05,0.51382368803024292,-4.0639740461756446e-09,0.0002763119697570815,0.11111105680465694,64.667289733886719,2,2,0.005859375
response,252,4.2,1.3527126312255859,-2.1830201148986816e-06,-9.8288046501693316e-06,0.51382362842559814,4.0639740461756446e-09,0.00027637157440185689,0.11111099720001216,64.666183471679688,2,2,0.005859375
response,253,4.21666667,1.3527126312255859,-2.0154814137640642e-06,1.0052322068077046e-05,0.51382368803024292,-4.0639740461756446e-09,0.0002763119697570815,0.11111105680465694,64.667289733886719,2,2,0.005859375
response,254,4.23333333,1.3527126312255859,-2.1792948246002197e-06,-9.8288046501693316e-06,0.51382362842559814,4.0639740461756446e-09,0.00027637157440185689,0.11111099720001216,64.666183471679688,2,2,0.005859375
response,255,4.25,1.3527126312255859,-2.0117561234656023e-06,1.0052322068077046e-05,0.51382368803024292,-4.0639740461756446e-09,0.0002763119697570815,0.11111105680465694,64.667289733886719,2,2,0.005859375
response,256,4.26666667,1.3527126312255859,-2.1755695343017578e-06,-9.8288046501693316e-06,0.51382362842559814,4.0639740461756446e-09,0.00027637157440185689,0.11111099720001216,64.666183471679688,2,2,0.005859375
response,257,4.28333333,1.3527126312255859,-2.0080308331671404e-06,1.0052322068077046e-05,0.51382368803024292,-4.0639740461756446e-09,0.0002763119697570815,0.11111105680465694,64.667289733886719,2,2,0.005859375
response,258,4.3,1.3527126312255859,-2.1718442440032959e-06,-9.8288046501693316e-06,0.51382362842559814,4.0639740461756446e-09,0.00027637157440185689,0.11111099720001216,64.666183471679688,2,2,0.005615234375
response,259,4.31666667,1.3527126312255859,-2.0043055428686785e-06,1.0052322068077046e-05,0.51382368803024292,-4.0639740461756446e-09,0.0002763119697570815,0.11111105680465694,64.667289733886719,2,2,0.005859375
response,260,4.33333333,1.3527126312255859,-2.168118953704834e-06,-9.8288046501693316e-06,0.51382362842559814,4.0639740461756446e-09,0.00027637157440185689,0.11111099720001216,64.666183471679688,2,2,0.005859375
response,261,4.35,1.3527126312255859,-2.0005802525702165e-06,1.0052322068077046e-05,0.51382368803024292,-4.0639740461756446e-09,0.0002763119697570815,0.11111105680465694,64.667289733886719,2,2,0.005859375
response,262,4.36666667,1.3527126312255859,-2.168118953704834e-06,-1.0052322068077046e-05,0.51382362842559814,4.0639740461756446e-09,0.00027637157440185689,0.11111099720001216,64.666179656982422,2,2,0.005859375
response,263,4.38333333,1.3527126312255859,-2.0005802525702165e-06,1.0052322068077046e-05,0.51382368803024292,-4.0639740461756446e-09,0.0002763119697570815,0.11111105680465694,64.667289733886719,2,2,0.005859375
response,264,4.4,1.3527126312255859,-2.168118953704834e-06,-1.0052322068077046e-05,0.51382362842559814,4.0639740461756446e-09,0.00027637157440185689,0.11111099720001216,64.666179656982422,2,2,0.005859375
response,265,4.41666667,1.3527126312255859,-2.0005802525702165e-06,1.0052322068077046e-05,0.51382368803024292,-4.0639740461756446e-09,0.0002763119697570815,0.11111105680465694,64.667289733886719,2,2,0.02001953125
response,266,4.43333333,1.3527126312255859,-2.168118953704834e-06,-1.0052322068077046e-05,0.51382362842559814,4.0639740461756446e-09,0.00027637157440185689,0.11111099720001216,64.666179656982422,2,2,0.00732421875
response,267,4.45,1.3527126312255859,-2.0005802525702165e-06,1.0052322068077046e-05,0.51382368803024292,-4.0639740461756446e-09,0.0002763119697570815,0.11111105680465694,64.667289733886719,2,2,0.00732421875
response,268,4.46666667,1.3527126312255859,-2.168118953704834e-06,-1.0052322068077046e-05,0.51382362842559814,4.0639740461756446e-09,0.00027637157440185689,0.11111099720001216,64.666179656982422,2,2,0.006591796875
response,269,4.48333333,1.3527126312255859,-2.0005802525702165e-06,1.0052322068077046e-05,0.51382368803024292,-4.0639740461756446e-09,0.0002763119697570815,0.11111105680465694,64.667289733886719,2,2,0.005859375
response,270,4.5,1.3527126312255859,-2.168118953704834e-06,-1.0052322068077046e-05,0.51382362842559814,4.0639740461756446e-09,0.00027637157440185689,0.11111099720001216,64.666179656982422,2,2,0.008544921875
response,271,4.51666667,1.3527126312255859,-2.0005802525702165e-06,1.0052322068077046e-05,0.51382368803024292,-4.0639740461756446e-09,0.0002763119697570815,0.11111105680465694,64.667289733886719,2,2,0.05859375
response,272,4.53333333,1.3527126312255859,-2.168118953704834e-06,-1.0052322068077046e-05,0.51382362842559814,4.0639740461756446e-09,0.00027637157440185689,0.11111099720001216,64.666179656982422,2,2,0.0078125
response,273,4.55,1.3527126312255859,-2.0005802525702165e-06,1.0052322068077046e-05,0.51382368803024292,-4.0639740461756446e-09,0.0002763119697570815,0.11111105680465694,64.667289733886719,2,2,0.006591796875
response,274,4.56666667,1.3527126312255859,-2.168118953704834e-06,-1.0052322068077046e-05,0.51382362842559814,4.0639740461756446e-09,0.00027637157440185689,0.11111099720001216,64.666179656982422,2,2,0.00927734375
response,275,4.58333333,1.3527126312255859,-2.0005802525702165e-06,1.0052322068077046e-05,0.51382368803024292,-4.0639740461756446e-09,0.0002763119697570815,0.11111105680465694,64.667289733886719,2,2,0.0078125
response,276,4.6,1.3527126312255859,-2.168118953704834e-06,-1.0052322068077046e-05,0.51382362842559814,4.0639740461756446e-09,0.00027637157440185689,0.11111099720001216,64.666179656982422,2,2,0.0078125
response,277,4.61666667,1.3527126312255859,-2.0005802525702165e-06,1.0052322068077046e-05,0.51382368803024292,-4.0639740461756446e-09,0.0002763119697570815,0.11111105680465694,64.667289733886719,2,2,0.0078125
response,278,4.63333333,1.3527126312255859,-2.168118953704834e-06,-1.0052322068077046e-05,0.51382362842559814,4.0639740461756446e-09,0.00027637157440185689,0.11111099720001216,64.666179656982422,2,2,0.007568359375
response,279,4.65,1.3527126312255859,-2.0005802525702165e-06,1.0052322068077046e-05,0.51382368803024292,-4.0639740461756446e-09,0.0002763119697570815,0.11111105680465694,64.667289733886719,2,2,0.007568359375
response,280,4.66666667,1.3527126312255859,-2.168118953704834e-06,-1.0052322068077046e-05,0.51382362842559814,4.0639740461756446e-09,0.00027637157440185689,0.11111099720001216,64.666179656982422,2,2,0.0078125
response,281,4.68333333,1.3527126312255859,-2.0005802525702165e-06,1.0052322068077046e-05,0.51382368803024292,-4.0639740461756446e-09,0.0002763119697570815,0.11111105680465694,64.667289733886719,2,2,0.0078125
response,282,4.7,1.3527126312255859,-2.168118953704834e-06,-1.0052322068077046e-05,0.51382362842559814,4.0639740461756446e-09,0.00027637157440185689,0.11111099720001216,64.666179656982422,2,2,0.007568359375
response,283,4.71666667,1.3527126312255859,-2.0005802525702165e-06,1.0052322068077046e-05,0.51382368803024292,-4.0639740461756446e-09,0.0002763119697570815,0.11111105680465694,64.667289733886719,2,2,0.007568359375
response,284,4.73333333,1.3527126312255859,-2.168118953704834e-06,-1.0052322068077046e-05,0.51382362842559814,4.0639740461756446e-09,0.00027637157440185689,0.11111099720001216,64.666179656982422,2,2,0.0078125
response,285,4.75,1.3527126312255859,-2.0005802525702165e-06,1.0052322068077046e-05,0.51382368803024292,-4.0639740461756446e-09,0.0002763119697570815,0.11111105680465694,64.667289733886719,2,2,0.007568359375
response,286,4.76666667,1.3527126312255859,-2.168118953704834e-06,-1.0052322068077046e-05,0.51382362842559814,4.0639740461756446e-09,0.00027637157440185689,0.11111099720001216,64.666179656982422,2,2,0.007568359375
response,287,4.78333333,1.3527126312255859,-2.0005802525702165e-06,1.0052322068077046e-05,0.51382368803024292,-4.0639740461756446e-09,0.0002763119697570815,0.11111105680465694,64.667289733886719,2,2,0.0078125
response,288,4.8,1.3527126312255859,-2.168118953704834e-06,-1.0052322068077046e-05,0.51382362842559814,4.0639740461756446e-09,0.00027637157440185689,0.11111099720001216,64.666179656982422,2,2,0.0078125
response,289,4.81666667,1.3527126312255859,-2.0005802525702165e-06,1.0052322068077046e-05,0.51382368803024292,-4.0639740461756446e-09,0.0002763119697570815,0.11111105680465694,64.667289733886719,2,2,0.0078125
response,290,4.83333333,1.3527126312255859,-2.168118953704834e-06,-1.0052322068077046e-05,0.51382362842559814,4.0639740461756446e-09,0.00027637157440185689,0.11111099720001216,64.666179656982422,2,2,0.007568359375
response,291,4.85,1.3527126312255859,-2.0005802525702165e-06,1.0052322068077046e-05,0.51382368803024292,-4.0639740461756446e-09,0.0002763119697570815,0.11111105680465694,64.667289733886719,2,2,0.007568359375
response,292,4.86666667,1.3527126312255859,-2.168118953704834e-06,-1.0052322068077046e-05,0.51382362842559814,4.0639740461756446e-09,0.00027637157440185689,0.11111099720001216,64.666179656982422,2,2,0.0078125
response,293,4.88333333,1.3527126312255859,-2.0005802525702165e-06,1.0052322068077046e-05,0.51382368803024292,-4.0639740461756446e-09,0.0002763119697570815,0.11111105680465694,64.667289733886719,2,2,0.0078125
response,294,4.9,1.3527126312255859,-2.168118953704834e-06,-1.0052322068077046e-05,0.51382362842559814,4.0639740461756446e-09,0.00027637157440185689,0.11111099720001216,64.666179656982422,2,2,0.0078125
response,295,4.91666667,1.3527126312255859,-2.0005802525702165e-06,1.0052322068077046e-05,0.51382368803024292,-4.0639740461756446e-09,0.0002763119697570815,0.11111105680465694,64.667289733886719,2,2,0.0078125
response,296,4.93333333,1.3527126312255859,-2.168118953704834e-06,-1.0052322068077046e-05,0.51382362842559814,4.0639740461756446e-09,0.00027637157440185689,0.11111099720001216,64.666179656982422,2,2,0.0078125
response,297,4.95,1.3527126312255859,-2.0005802525702165e-06,1.0052322068077046e-05,0.51382368803024292,-4.0639740461756446e-09,0.0002763119697570815,0.11111105680465694,64.667289733886719,2,2,0.007568359375
response,298,4.96666667,1.3527126312255859,-2.168118953704834e-06,-1.0052322068077046e-05,0.51382362842559814,4.0639740461756446e-09,0.00027637157440185689,0.11111099720001216,64.666179656982422,2,2,0.007568359375
response,299,4.98333333,1.3527126312255859,-2.0005802525702165e-06,1.0052322068077046e-05,0.51382368803024292,-4.0639740461756446e-09,0.0002763119697570815,0.11111105680465694,64.667289733886719,2,2,0.0078125
response,300,5,1.3527126312255859,-2.168118953704834e-06,-1.0052322068077046e-05,0.51382362842559814,4.0639740461756446e-09,0.00027637157440185689,0.11111099720001216,64.666179656982422,2,2,0.0078125
response,301,5.01666667,1.3527126312255859,-2.0005802525702165e-06,1.0052322068077046e-05,0.51382368803024292,-4.0639740461756446e-09,0.0002763119697570815,0.11111105680465694,64.667289733886719,2,2,0.0078125
response,302,5.03333333,1.3527126312255859,-2.168118953704834e-06,-1.0052322068077046e-05,0.51382362842559814,4.0639740461756446e-09,0.00027637157440185689,0.11111099720001216,64.666179656982422,2,2,0.007568359375
response,303,5.05,1.3527126312255859,-2.0005802525702165e-06,1.0052322068077046e-05,0.51382368803024292,-4.0639740461756446e-09,0.0002763119697570815,0.11111105680465694,64.667289733886719,2,2,0.00732421875
response,304,5.06666667,1.3527126312255859,-2.168118953704834e-06,-1.0052322068077046e-05,0.51382362842559814,4.0639740461756446e-09,0.00027637157440185689,0.11111099720001216,64.666179656982422,2,2,0.006103515625
response,305,5.08333333,1.3527126312255859,-2.0005802525702165e-06,1.0052322068077046e-05,0.51382368803024292,-4.0639740461756446e-09,0.0002763119697570815,0.11111105680465694,64.667289733886719,2,2,0.00634765625
response,306,5.1,1.3527126312255859,-2.168118953704834e-06,-1.0052322068077046e-05,0.51382362842559814,4.0639740461756446e-09,0.00027637157440185689,0.11111099720001216,64.666179656982422,2,2,0.009033203125
response,307,5.11666667,1.3527126312255859,-2.0005802525702165e-06,1.0052322068077046e-05,0.51382368803024292,-4.0639740461756446e-09,0.0002763119697570815,0.11111105680465694,64.667289733886719,2,2,0.007568359375
response,308,5.13333333,1.3527126312255859,-2.168118953704834e-06,-1.0052322068077046e-05,0.51382362842559814,4.0639740461756446e-09,0.00027637157440185689,0.11111099720001216,64.666179656982422,2,2,0.0361328125
response,309,5.15,1.3527126312255859,-2.0005802525702165e-06,1.0052322068077046e-05,0.51382368803024292,-4.0639740461756446e-09,0.0002763119697570815,0.11111105680465694,64.667289733886719,2,2,0.01025390625
response,310,5.16666667,1.3527126312255859,-2.168118953704834e-06,-1.0052322068077046e-05,0.51382362842559814,4.0639740461756446e-09,0.00027637157440185689,0.11111099720001216,64.666179656982422,2,2,0.009521484375
response,311,5.18333333,1.3527126312255859,-2.0005802525702165e-06,1.0052322068077046e-05,0.51382368803024292,-4.0639740461756446e-09,0.0002763119697570815,0.11111105680465694,64.667289733886719,2,2,0.0078125
response,312,5.2,1.3527126312255859,-2.168118953704834e-06,-1.0052322068077046e-05,0.51382362842559814,4.0639740461756446e-09,0.00027637157440185689,0.11111099720001216,64.666179656982422,2,2,0.010009765625
response,313,5.21666667,1.3527126312255859,-2.0005802525702165e-06,1.0052322068077046e-05,0.51382368803024292,-4.0639740461756446e-09,0.0002763119697570815,0.11111105680465694,64.667289733886719,2,2,0.00634765625
response,314,5.23333333,1.3527126312255859,-2.168118953704834e-06,-1.0052322068077046e-05,0.51382362842559814,4.0639740461756446e-09,0.00027637157440185689,0.11111099720001216,64.666179656982422,2,2,0.006103515625
response,315,5.25,1.3527126312255859,-2.0005802525702165e-06,1.0052322068077046e-05,0.51382368803024292,-4.0639740461756446e-09,0.0002763119697570815,0.11111105680465694,64.667289733886719,2,2,0.006103515625
response,316,5.26666667,1.3527126312255859,-2.168118953704834e-06,-1.0052322068077046e-05,0.51382362842559814,4.0639740461756446e-09,0.00027637157440185689,0.11111099720001216,64.666179656982422,2,2,0.006103515625
response,317,5.28333333,1.3527126312255859,-2.0005802525702165e-06,1.0052322068077046e-05,0.51382368803024292,-4.0639740461756446e-09,0.0002763119697570815,0.11111105680465694,64.667289733886719,2,2,0.006103515625
response,318,5.3,1.3527126312255859,-2.168118953704834e-06,-1.0052322068077046e-05,0.51382362842559814,4.0639740461756446e-09,0.00027637157440185689,0.11111099720001216,64.666179656982422,2,2,0.00634765625
response,319,5.31666667,1.3527126312255859,-2.0005802525702165e-06,1.0052322068077046e-05,0.51382368803024292,-4.0639740461756446e-09,0.0002763119697570815,0.11111105680465694,64.667289733886719,2,2,0.00634765625
response,320,5.33333333,1.3527126312255859,-2.168118953704834e-06,-1.0052322068077046e-05,0.51382362842559814,4.0639740461756446e-09,0.00027637157440185689,0.11111099720001216,64.666179656982422,2,2,0.006103515625
response,321,5.35,1.3527126312255859,-2.0005802525702165e-06,1.0052322068077046e-05,0.51382368803024292,-4.0639740461756446e-09,0.0002763119697570815,0.11111105680465694,64.667289733886719,2,2,0.00634765625
response,322,5.36666667,1.3527126312255859,-2.168118953704834e-06,-1.0052322068077046e-05,0.51382362842559814,4.0639740461756446e-09,0.00027637157440185689,0.11111099720001216,64.666179656982422,2,2,0.006103515625
response,323,5.38333333,1.3527126312255859,-2.0005802525702165e-06,1.0052322068077046e-05,0.51382368803024292,-4.0639740461756446e-09,0.0002763119697570815,0.11111105680465694,64.667289733886719,2,2,0.00634765625
response,324,5.4,1.3527126312255859,-2.168118953704834e-06,-1.0052322068077046e-05,0.51382362842559814,4.0639740461756446e-09,0.00027637157440185689,0.11111099720001216,64.666179656982422,2,2,0.006103515625
response,325,5.41666667,1.3527126312255859,-2.0005802525702165e-06,1.0052322068077046e-05,0.51382368803024292,-4.0639740461756446e-09,0.0002763119697570815,0.11111105680465694,64.667289733886719,2,2,0.006103515625
response,326,5.43333333,1.3527126312255859,-2.168118953704834e-06,-1.0052322068077046e-05,0.51382362842559814,4.0639740461756446e-09,0.00027637157440185689,0.11111099720001216,64.666179656982422,2,2,0.006103515625
response,327,5.45,1.3527126312255859,-2.0005802525702165e-06,1.0052322068077046e-05,0.51382368803024292,-4.0639740461756446e-09,0.0002763119697570815,0.11111105680465694,64.667289733886719,2,2,0.006103515625
response,328,5.46666667,1.3527126312255859,-2.168118953704834e-06,-1.0052322068077046e-05,0.51382362842559814,4.0639740461756446e-09,0.00027637157440185689,0.11111099720001216,64.666179656982422,2,2,0.006103515625
response,329,5.48333333,1.3527126312255859,-2.0005802525702165e-06,1.0052322068077046e-05,0.51382368803024292,-4.0639740461756446e-09,0.0002763119697570815,0.11111105680465694,64.667289733886719,2,2,0.006103515625
response,330,5.5,1.3527126312255859,-2.168118953704834e-06,-1.0052322068077046e-05,0.51382362842559814,4.0639740461756446e-09,0.00027637157440185689,0.11111099720001216,64.666179656982422,2,2,0.006103515625
response,331,5.51666667,1.3527126312255859,-2.0005802525702165e-06,1.0052322068077046e-05,0.51382368803024292,-4.0639740461756446e-09,0.0002763119697570815,0.11111105680465694,64.667289733886719,2,2,0.006103515625
response,332,5.53333333,1.3527126312255859,-2.168118953704834e-06,-1.0052322068077046e-05,0.51382362842559814,4.0639740461756446e-09,0.00027637157440185689,0.11111099720001216,64.666179656982422,2,2,0.006103515625
response,333,5.55,1.3527126312255859,-2.0005802525702165e-06,1.0052322068077046e-05,0.51382368803024292,-4.0639740461756446e-09,0.0002763119697570815,0.11111105680465694,64.667289733886719,2,2,0.006103515625
response,334,5.56666667,1.3527126312255859,-2.168118953704834e-06,-1.0052322068077046e-05,0.51382362842559814,4.0639740461756446e-09,0.00027637157440185689,0.11111099720001216,64.666179656982422,2,2,0.006103515625
response,335,5.58333333,1.3527126312255859,-2.0005802525702165e-06,1.0052322068077046e-05,0.51382368803024292,-4.0639740461756446e-09,0.0002763119697570815,0.11111105680465694,64.667289733886719,2,2,0.006103515625
response,336,5.6,1.3527126312255859,-2.168118953704834e-06,-1.0052322068077046e-05,0.51382362842559814,4.0639740461756446e-09,0.00027637157440185689,0.11111099720001216,64.666179656982422,2,2,0.006103515625
response,337,5.61666667,1.3527126312255859,-2.0005802525702165e-06,1.0052322068077046e-05,0.51382368803024292,-4.0639740461756446e-09,0.0002763119697570815,0.11111105680465694,64.667289733886719,2,2,0.00634765625
response,338,5.63333333,1.3527126312255859,-2.168118953704834e-06,-1.0052322068077046e-05,0.51382362842559814,4.0639740461756446e-09,0.00027637157440185689,0.11111099720001216,64.666179656982422,2,2,0.006103515625
response,339,5.65,1.3527126312255859,-2.0005802525702165e-06,1.0052322068077046e-05,0.51382368803024292,-4.0639740461756446e-09,0.0002763119697570815,0.11111105680465694,64.667289733886719,2,2,0.00634765625
response,340,5.66666667,1.3527126312255859,-2.168118953704834e-06,-1.0052322068077046e-05,0.51382362842559814,4.0639740461756446e-09,0.00027637157440185689,0.11111099720001216,64.666179656982422,2,2,0.006103515625
response,341,5.68333333,1.3527126312255859,-2.0005802525702165e-06,1.0052322068077046e-05,0.51382368803024292,-4.0639740461756446e-09,0.0002763119697570815,0.11111105680465694,64.667289733886719,2,2,0.006103515625
response,342,5.7,1.3527126312255859,-2.168118953704834e-06,-1.0052322068077046e-05,0.51382362842559814,4.0639740461756446e-09,0.00027637157440185689,0.11111099720001216,64.666179656982422,2,2,0.006103515625
response,343,5.71666667,1.3527126312255859,-2.0005802525702165e-06,1.0052322068077046e-05,0.51382368803024292,-4.0639740461756446e-09,0.0002763119697570815,0.11111105680465694,64.667289733886719,2,2,0.006103515625
response,344,5.73333333,1.3527126312255859,-2.168118953704834e-06,-1.0052322068077046e-05,0.51382362842559814,4.0639740461756446e-09,0.00027637157440185689,0.11111099720001216,64.666179656982422,2,2,0.006103515625
response,345,5.75,1.3527126312255859,-2.0005802525702165e-06,1.0052322068077046e-05,0.51382368803024292,-4.0639740461756446e-09,0.0002763119697570815,0.11111105680465694,64.667289733886719,2,2,0.006103515625
response,346,5.76666667,1.3527126312255859,-2.168118953704834e-06,-1.0052322068077046e-05,0.51382362842559814,4.0639740461756446e-09,0.00027637157440185689,0.11111099720001216,64.666179656982422,2,2,0.00634765625
response,347,5.78333333,1.3527126312255859,-2.0005802525702165e-06,1.0052322068077046e-05,0.51382368803024292,-4.0639740461756446e-09,0.0002763119697570815,0.11111105680465694,64.667289733886719,2,2,0.006103515625
response,348,5.8,1.3527126312255859,-2.168118953704834e-06,-1.0052322068077046e-05,0.51382362842559814,4.0639740461756446e-09,0.00027637157440185689,0.11111099720001216,64.666179656982422,2,2,0.006103515625
response,349,5.81666667,1.3527126312255859,-2.0005802525702165e-06,1.0052322068077046e-05,0.51382368803024292,-4.0639740461756446e-09,0.0002763119697570815,0.11111105680465694,64.667289733886719,2,2,0.006103515625
response,350,5.83333333,1.3527126312255859,-2.168118953704834e-06,-1.0052322068077046e-05,0.51382362842559814,4.0639740461756446e-09,0.00027637157440185689,0.11111099720001216,64.666179656982422,2,2,0.006103515625
response,351,5.85,1.3527126312255859,-2.0005802525702165e-06,1.0052322068077046e-05,0.51382368803024292,-4.0639740461756446e-09,0.0002763119697570815,0.11111105680465694,64.667289733886719,2,2,0.006103515625
response,352,5.86666667,1.3527126312255859,-2.168118953704834e-06,-1.0052322068077046e-05,0.51382362842559814,4.0639740461756446e-09,0.00027637157440185689,0.11111099720001216,64.666179656982422,2,2,0.006103515625
response,353,5.88333333,1.3527126312255859,-2.0005802525702165e-06,1.0052322068077046e-05,0.51382368803024292,-4.0639740461756446e-09,0.0002763119697570815,0.11111105680465694,64.667289733886719,2,2,0.006103515625
response,354,5.9,1.3527126312255859,-2.168118953704834e-06,-1.0052322068077046e-05,0.51382362842559814,4.0639740461756446e-09,0.00027637157440185689,0.11111099720001216,64.666179656982422,2,2,0.00634765625
response,355,5.91666667,1.3527126312255859,-2.0005802525702165e-06,1.0052322068077046e-05,0.51382368803024292,-4.0639740461756446e-09,0.0002763119697570815,0.11111105680465694,64.667289733886719,2,2,0.006103515625
response,356,5.93333333,1.3527126312255859,-2.168118953704834e-06,-1.0052322068077046e-05,0.51382362842559814,4.0639740461756446e-09,0.00027637157440185689,0.11111099720001216,64.666179656982422,2,2,0.006103515625
response,357,5.95,1.3527126312255859,-2.0005802525702165e-06,1.0052322068077046e-05,0.51382368803024292,-4.0639740461756446e-09,0.0002763119697570815,0.11111105680465694,64.667289733886719,2,2,0.006103515625
response,358,5.96666667,1.3527126312255859,-2.168118953704834e-06,-1.0052322068077046e-05,0.51382362842559814,4.0639740461756446e-09,0.00027637157440185689,0.11111099720001216,64.666179656982422,2,2,0.006103515625
response,359,5.98333333,1.3527126312255859,-2.0005802525702165e-06,1.0052322068077046e-05,0.51382368803024292,-4.0639740461756446e-09,0.0002763119697570815,0.11111105680465694,64.667289733886719,2,2,0.006103515625
